id,author_rep,calculus,closed,colons,commands,commas,dollars,doubledollars,effort,homework,num_tags,paragraphs,periods,pleas,politeness,post_length,precalc,questionmarks,questions,quotes,spaces,title_length,txtspeak
731969,108,0,0,0,0,2,12,0,0,1,2,2,2,0,0,211,0,1,0,2,31,22,0
731965,26,0,0,0,1,3,8,0,0,0,1,1,1,0,0,137,0,0,0,0,17,35,0
731960,29,1,0,0,1,2,4,2,0,1,4,1,0,0,0,125,0,0,0,0,16,32,0
731959,1,0,0,0,0,3,4,0,0,0,2,4,2,0,1,258,1,0,0,0,39,42,0
731958,41,0,0,6,1,30,56,0,1,0,2,10,25,0,0,1031,0,0,2,0,102,35,0
731955,9,0,0,0,0,0,2,0,0,0,1,3,7,2,2,250,0,1,1,2,33,53,0
731953,6,0,0,0,1,5,0,0,0,0,3,4,8,0,0,937,0,1,3,0,172,29,1
731952,67,0,0,0,0,1,0,0,0,0,3,3,2,0,1,236,0,2,1,0,33,41,0
731951,20,0,0,0,2,1,6,2,0,0,1,2,4,1,2,404,0,0,2,1,73,50,1
731948,75,0,0,1,0,0,28,10,0,1,2,10,1,2,0,845,0,1,1,1,136,133,0
731946,1,0,0,0,0,4,8,0,0,0,2,1,2,0,0,246,0,0,1,0,41,29,0
731944,722,0,0,2,0,3,24,0,0,0,4,3,4,2,1,654,0,1,0,0,100,36,0
731940,19,0,0,1,0,2,0,0,0,1,3,12,7,0,0,982,0,3,0,5,121,73,0
731939,349,1,0,0,0,0,4,2,0,0,3,3,3,0,0,209,0,0,1,1,26,57,0
731938,26,0,0,0,1,2,10,0,0,0,1,2,2,0,0,192,0,0,1,1,32,102,0
731928,44,1,0,0,1,2,12,2,0,0,3,1,1,0,0,142,0,0,0,2,20,25,0
731926,16,0,0,2,1,2,18,2,0,0,2,5,0,1,1,683,0,5,3,9,107,62,0
731924,26,0,0,0,1,1,6,0,0,0,1,2,0,0,0,297,0,2,2,1,44,61,0
731919,149,0,0,3,1,23,36,0,0,0,1,13,10,1,1,1000,0,2,3,3,158,45,0
731916,136,0,0,1,3,7,10,0,0,0,1,4,5,0,0,752,0,0,4,10,131,83,0
731914,438,0,0,1,1,0,16,8,0,0,2,5,3,1,0,438,0,0,0,2,66,21,0
731913,21,0,0,0,0,2,6,0,0,0,1,4,0,0,1,257,0,0,1,3,33,30,0
731912,1340,0,0,0,0,0,0,0,0,0,2,1,1,0,0,222,0,1,0,2,36,55,0
731911,163,0,0,1,1,2,18,0,0,0,2,6,4,0,0,410,0,1,3,1,80,36,0
731910,228,0,0,9,5,59,30,8,0,1,3,12,12,0,1,1945,0,0,2,4,289,34,0
731905,11,0,0,6,0,3,0,0,0,0,1,13,17,0,1,718,0,1,2,4,102,59,0
731904,112,1,0,5,0,0,0,0,0,0,5,8,11,0,0,505,1,2,3,9,55,46,0
731903,108,0,0,1,0,1,10,0,0,0,1,2,4,0,0,387,0,1,1,1,49,57,0
731902,82,0,0,0,2,2,34,0,0,1,2,10,136,0,1,2254,0,0,1,0,88,22,0
731900,6582,0,0,3,2,16,20,2,0,0,3,4,16,0,0,1829,0,3,8,16,305,76,0
731895,11,0,0,0,0,4,0,0,0,0,1,3,2,0,0,289,0,1,1,0,51,104,0
731888,1526,0,0,6,1,33,128,0,1,0,3,9,41,0,0,2750,0,6,10,8,426,31,0
731886,108,0,0,0,1,4,8,0,0,1,2,2,2,0,0,391,0,1,1,0,54,20,1
731885,156,0,0,2,0,4,18,0,0,0,2,3,9,0,1,660,0,4,3,0,70,27,0
731883,123,1,0,2,0,2,8,0,0,0,5,4,1,0,1,352,0,1,1,0,48,43,0
731882,52,0,0,0,1,8,38,0,0,0,2,3,12,0,0,739,0,0,1,4,114,120,0
731880,1,0,0,1,1,4,0,0,0,0,2,2,5,0,0,312,0,1,1,4,46,53,0
731878,15223,0,0,0,3,1,0,0,0,0,2,2,4,0,0,334,0,0,0,0,49,78,0
731877,1,0,0,1,1,1,0,0,0,0,1,3,2,1,1,463,0,4,2,2,83,58,0
731870,11,0,0,1,1,1,0,0,0,0,1,5,1,0,1,308,0,2,1,0,40,55,0
731869,48,0,0,2,1,3,6,2,2,0,1,6,1,0,0,349,1,1,0,3,45,27,0
731867,108,0,0,0,1,3,4,0,0,1,3,2,2,0,0,264,0,1,1,0,39,25,1
731865,60,0,0,1,0,6,0,0,0,0,4,8,11,0,0,1156,0,5,6,9,164,31,0
731857,953,0,0,0,4,3,16,0,0,0,1,6,13,0,1,1299,0,0,2,10,205,132,0
731856,1351,0,0,0,1,1,22,0,0,0,2,3,1,0,0,360,0,2,3,0,72,43,0
731850,47,0,0,1,0,1,0,0,0,0,2,2,5,1,0,281,0,0,1,7,39,26,0
731847,1,0,0,1,2,0,0,0,0,0,2,3,1,1,0,363,0,2,2,1,61,33,0
731845,522,0,0,0,0,5,12,0,0,0,1,2,4,0,0,516,0,2,1,1,84,24,0
731837,438,0,0,2,3,15,28,0,0,0,1,6,10,0,0,1296,0,3,7,3,154,58,0
731835,1,0,0,2,1,4,0,0,0,1,2,4,6,1,1,459,1,3,0,0,122,20,0
731830,44,0,0,0,0,0,12,4,0,0,2,2,1,0,0,226,0,0,1,0,22,32,0
731829,62,0,0,1,0,7,26,2,0,0,2,5,4,1,0,604,0,0,3,3,78,36,1
731828,513,0,0,1,0,0,12,6,0,0,3,7,11,0,0,454,0,0,0,0,40,81,0
731821,13,0,0,0,1,0,0,0,0,0,1,3,2,0,2,327,0,2,2,1,61,30,0
731818,471,0,0,0,4,11,0,0,0,0,2,2,9,1,0,1041,0,5,7,7,178,91,0
731816,16,0,0,1,0,5,22,0,0,0,2,4,9,0,1,1125,0,2,5,8,182,47,0
731815,1985,0,0,0,2,5,16,0,0,0,4,1,5,0,0,599,0,1,1,3,113,31,0
731813,291,0,0,0,1,3,0,0,0,0,2,1,1,0,0,302,0,1,1,0,51,48,0
731808,18,0,0,5,2,7,10,0,1,0,2,5,4,1,2,556,0,1,3,1,89,89,0
731801,40,0,0,0,1,1,0,0,0,0,2,1,0,0,0,116,0,1,1,0,21,28,0
731800,1249,1,0,0,1,2,16,2,1,0,1,6,5,0,0,627,0,1,0,0,96,41,0
731798,1,0,0,2,1,7,0,0,0,0,1,3,0,0,0,729,0,0,2,0,247,37,0
731797,47,0,0,0,0,3,42,0,0,0,1,3,5,0,0,543,0,1,4,0,86,39,0
731794,22,0,0,5,0,9,0,0,0,0,2,2,8,0,0,759,0,0,1,16,158,23,1
731792,106,0,0,1,2,1,8,0,1,0,2,3,2,0,0,788,0,1,3,1,148,24,0
731773,111,0,0,2,0,10,10,2,0,0,2,2,3,0,0,390,0,0,2,1,34,28,0
731769,271,1,0,2,0,14,10,4,1,0,2,9,9,0,0,1437,0,1,3,7,221,39,0
731768,221,0,0,1,0,1,6,2,0,0,2,5,0,0,0,292,0,1,0,0,40,121,0
731764,100,1,0,0,0,1,0,0,0,0,3,1,2,2,1,223,0,0,2,1,36,53,0
731762,58,0,0,0,1,0,0,0,0,0,3,1,2,0,0,194,0,1,1,2,34,57,0
731758,18,0,0,3,0,4,4,0,0,0,3,2,9,1,0,769,0,0,6,6,118,62,0
731756,65,0,0,1,0,12,0,0,0,0,1,3,5,0,0,398,0,1,3,1,75,106,0
731752,84,0,0,2,3,2,0,0,0,0,1,2,4,0,0,394,0,1,4,4,61,39,1
731748,1253,0,0,1,3,5,20,2,0,0,4,7,9,1,1,747,0,0,5,0,108,65,0
731744,67,0,0,1,1,7,16,0,0,0,3,1,7,0,0,749,0,0,3,7,115,18,0
731742,6,0,0,0,0,1,10,4,1,0,2,1,1,0,0,322,0,1,0,1,44,42,0
731740,289,0,0,2,2,10,0,0,0,1,2,6,2,1,1,695,0,1,2,1,99,39,0
731725,1861,1,0,4,4,14,32,0,0,1,4,10,4,0,0,1136,0,3,4,7,152,40,0
731724,800,0,0,0,0,10,24,0,0,0,2,4,5,0,0,846,0,1,2,3,126,60,0
731722,34,0,0,0,0,5,20,10,0,0,1,11,3,1,1,482,0,0,1,0,21,29,0
731721,82,0,0,3,2,7,2,0,0,0,3,4,4,2,0,894,0,1,2,3,101,91,0
731720,18,0,0,1,1,2,14,0,0,1,3,1,1,0,0,185,0,1,1,0,32,25,0
731718,135,0,0,0,0,6,0,0,0,0,1,3,0,0,0,350,1,5,3,1,57,19,0
731716,107,0,0,0,0,5,8,4,0,0,1,5,4,1,0,671,0,2,4,4,101,78,0
731713,300,0,0,6,3,7,12,0,0,0,3,9,20,1,0,1357,0,2,4,20,140,71,0
731712,105,0,0,1,1,0,4,0,0,0,3,3,8,0,0,324,0,2,1,5,34,34,0
731711,556,0,0,0,2,15,40,6,0,0,2,4,9,0,0,657,0,0,1,0,70,42,0
731705,33,0,0,0,0,0,16,2,0,0,1,3,2,1,0,373,0,2,1,6,57,48,0
731699,149,0,0,1,1,19,36,4,0,0,1,11,10,1,1,881,0,1,1,1,152,32,0
731698,289,0,0,2,0,29,4,2,0,1,2,4,8,0,0,943,0,1,1,4,101,43,0
731695,19,0,0,0,0,7,12,0,0,0,2,4,1,0,1,367,0,3,2,0,56,47,0
731694,24,0,0,1,0,3,8,0,0,0,1,1,0,0,0,188,0,1,1,0,31,46,0
731691,1024,0,0,3,0,6,24,0,0,0,2,5,4,1,0,783,0,2,3,2,111,48,0
731690,1,0,0,0,3,1,0,0,0,0,2,2,3,0,1,324,0,1,2,1,61,24,0
731687,161,0,0,2,2,6,46,4,0,0,2,6,8,0,0,1523,0,2,2,0,239,53,0
731685,65,0,0,0,3,4,1,0,0,0,2,2,5,0,0,767,0,3,1,0,140,70,0
731679,155,0,0,2,2,3,32,6,0,0,2,5,6,0,0,1160,0,1,2,0,105,62,0
731677,67,0,0,1,0,2,0,0,0,0,3,1,5,0,0,261,0,0,2,6,35,32,0
731675,6,0,0,1,1,2,6,0,0,1,5,4,6,0,0,1000,0,2,2,6,148,48,0
731674,442,0,0,0,1,7,14,2,0,0,2,5,7,1,1,934,0,0,2,7,133,130,0
731673,795,0,0,2,1,6,12,0,0,0,4,4,3,0,0,628,0,1,2,0,103,28,0
731672,932,0,0,0,0,2,14,0,0,0,2,1,2,0,0,353,0,3,0,0,49,62,0
731670,36,0,0,1,1,7,20,0,0,0,1,1,5,0,0,943,0,2,3,1,125,52,0
731669,1340,0,0,0,0,5,20,0,0,0,3,2,5,0,0,635,0,0,2,3,109,89,0
731668,1,0,0,2,0,3,6,0,0,0,2,2,2,0,0,257,0,2,0,1,33,25,0
731662,387,0,0,1,2,3,10,2,0,0,4,5,4,1,0,729,0,2,2,0,115,64,0
731660,1,0,0,4,1,2,0,0,0,0,1,7,21,0,1,996,0,0,1,8,108,83,0
731657,51,0,0,1,0,0,0,0,0,0,1,3,6,0,0,465,0,2,1,7,74,50,0
731656,19948,0,0,2,0,5,28,0,0,0,4,8,3,0,0,1675,0,2,0,2,216,88,0
731655,785,0,0,1,0,1,8,0,0,0,3,2,3,0,0,295,0,1,0,2,31,132,0
731654,6,0,0,0,1,2,0,0,0,0,1,1,2,0,0,230,0,0,0,2,39,66,0
731652,67,0,0,1,0,2,0,0,0,0,3,2,4,0,0,244,0,1,1,6,29,24,0
731646,14,0,0,0,0,1,0,0,0,0,1,1,2,0,0,182,0,1,0,0,35,46,0
731642,389,0,0,1,0,1,10,2,0,0,1,3,3,0,0,307,1,1,1,0,48,70,0
731640,19,0,0,1,1,7,0,0,0,0,3,3,3,0,0,715,0,2,2,2,117,65,0
731634,18,0,0,2,0,1,8,0,0,0,2,10,5,0,1,613,0,0,2,2,86,26,0
731632,650,0,0,2,0,4,20,0,0,0,4,2,0,0,0,301,0,2,1,2,44,23,0
731628,46,0,0,8,4,12,80,6,1,0,4,11,37,0,0,2630,0,4,1,20,353,87,0
731626,250,0,0,0,2,10,2,0,1,0,1,2,6,1,0,272,0,0,0,0,52,26,0
731624,785,0,0,1,0,5,24,0,1,0,3,5,5,0,0,832,0,2,3,1,130,148,0
731623,57,0,0,0,0,0,8,0,0,0,3,1,2,1,0,304,0,1,1,0,51,50,0
731616,113,0,0,0,0,1,6,0,0,0,1,1,1,0,0,124,0,1,2,1,16,52,0
731615,785,0,0,0,1,5,18,0,0,0,3,2,3,1,0,371,0,1,2,1,65,126,0
731614,25,0,0,1,0,4,0,0,0,1,3,2,3,0,0,386,0,2,2,2,70,42,0
731608,3,0,0,4,1,3,16,2,0,1,2,2,11,0,1,652,0,3,4,7,83,59,0
731604,28,0,0,1,2,1,12,0,0,0,2,2,3,1,0,346,0,1,1,1,60,45,0
731601,46,0,0,0,1,2,12,0,0,0,3,2,2,0,0,152,1,0,1,0,21,60,0
731597,41,0,0,1,1,1,6,2,0,0,1,5,5,0,1,396,1,0,1,0,60,73,0
731593,71,0,0,0,0,3,8,0,0,0,1,4,8,0,1,384,0,1,1,0,55,49,0
731591,56,0,0,0,0,0,0,0,0,0,2,1,0,0,1,206,0,2,1,0,34,32,0
731585,171,0,0,0,5,1,4,0,0,0,1,1,8,1,2,678,0,1,3,1,115,34,0
731583,487,1,0,0,0,2,4,2,0,0,2,3,4,0,0,512,0,2,3,1,88,39,0
731576,36,0,0,0,2,5,14,2,0,1,2,3,1,1,1,412,0,1,0,0,77,29,0
731575,337,0,0,0,0,6,26,4,0,0,2,1,5,0,1,488,0,1,1,0,71,28,0
731572,31,0,0,0,2,7,42,6,0,0,3,10,4,0,0,918,0,1,3,1,135,49,0
731569,11,0,0,8,5,5,46,8,0,0,3,8,13,0,1,2120,0,8,8,11,311,99,0
731568,8,0,0,0,2,4,0,0,1,0,4,3,5,1,1,521,0,1,1,0,90,33,0
731567,352,1,0,0,0,0,4,2,0,0,4,2,0,1,0,125,0,0,0,3,7,66,0
731733,1,0,0,0,1,1,0,0,0,0,1,1,1,0,0,100,0,0,1,0,17,44,0
731557,932,0,0,0,3,1,12,2,0,0,2,2,1,0,0,328,0,1,1,0,52,38,0
731556,205,0,0,5,2,7,30,14,0,0,3,1,4,1,1,1278,0,1,2,6,78,44,0
731553,387,0,0,0,2,3,16,0,0,0,4,3,3,0,0,635,0,2,1,2,98,80,0
731552,36,0,0,0,1,0,6,0,0,0,1,3,4,1,1,221,0,0,2,0,35,40,0
731550,303,0,0,0,0,1,2,0,0,0,2,1,0,0,0,100,0,1,1,0,13,44,0
731547,8,0,0,2,4,1,54,2,0,0,1,13,17,0,0,1207,0,3,4,1,195,42,0
731545,6,0,0,2,2,0,12,6,0,0,1,5,7,0,0,971,0,1,1,13,53,57,0
731544,111,0,0,3,1,7,0,0,0,0,1,10,12,0,0,1871,0,0,3,4,315,41,0
731541,31,0,0,0,0,2,6,0,0,0,2,2,1,0,0,163,0,1,1,0,25,34,0
731539,1,0,0,3,1,7,38,0,0,0,3,1,8,0,0,714,0,0,2,3,151,47,0
731531,226,1,0,0,0,10,8,0,0,0,3,1,0,0,0,206,0,1,0,0,29,24,0
731530,1,0,0,1,1,1,0,0,0,0,2,1,6,0,0,505,0,1,0,0,89,61,0
731529,32,0,0,1,1,1,14,2,0,0,3,1,6,0,0,510,0,2,1,0,75,43,0
731526,3,0,0,1,0,2,0,0,0,0,1,2,4,0,0,329,0,0,0,0,52,51,0
731523,7,0,0,2,0,0,0,0,0,0,4,3,5,0,2,164,0,0,0,4,15,18,0
731521,32,0,0,3,0,2,4,0,0,0,1,2,7,0,0,284,0,2,1,4,21,51,0
731519,865,0,0,6,0,16,74,26,0,0,3,30,6,0,0,2977,0,4,5,5,465,102,25
731517,135,0,0,4,3,6,26,0,0,0,2,6,7,0,1,1040,0,1,3,8,155,64,0
731512,2191,0,0,8,0,51,82,10,0,0,5,28,21,0,0,2613,0,2,4,6,331,72,0
731511,922,0,0,0,3,1,16,0,0,0,2,2,3,0,1,243,0,1,2,0,42,130,0
731503,111,0,0,0,1,0,0,0,0,0,2,2,2,0,1,224,0,2,2,1,37,21,0
731501,752,1,0,1,0,2,14,0,0,0,3,7,8,0,0,784,0,2,5,0,57,53,0
731500,363,0,0,0,0,3,10,0,0,0,3,1,2,0,0,240,0,1,0,0,31,45,0
731498,84,0,0,1,0,2,0,0,0,0,1,3,6,0,0,343,0,1,1,5,53,21,0
731495,10,0,0,0,1,0,4,0,0,0,1,2,1,0,0,212,0,2,2,0,31,41,1
731491,52,0,0,1,0,0,6,0,0,0,1,5,1,1,1,312,0,2,2,0,43,69,0
731488,345,0,0,0,0,1,16,4,0,0,2,11,5,1,1,745,0,2,3,2,105,36,0
731487,1,0,0,2,0,13,70,3,0,0,3,5,10,0,0,1195,0,3,5,5,170,98,0
731486,19,0,0,0,1,7,0,0,0,0,1,1,0,0,2,216,0,1,1,0,33,16,0
731485,560,0,0,0,0,2,8,0,0,0,4,1,3,0,0,122,0,1,0,0,13,42,0
731483,8,0,0,2,1,17,24,2,0,0,4,6,11,0,0,810,0,0,2,5,108,53,0
731479,560,0,0,1,1,4,24,4,0,0,4,3,12,0,0,645,0,1,1,0,84,46,0
731478,73,0,0,3,1,25,30,3,0,0,3,18,1,0,0,1541,0,1,0,0,339,46,0
731477,342,1,0,3,1,28,22,0,0,0,2,6,7,0,0,1169,0,2,1,3,124,67,0
731476,15,0,0,2,1,11,42,0,0,0,2,4,7,0,1,933,0,0,0,3,164,59,0
731474,1585,0,0,2,3,0,8,2,0,1,2,2,1,0,1,279,0,3,1,0,28,88,0
731470,560,0,0,2,0,2,30,4,0,0,4,4,14,0,0,611,0,1,0,2,68,39,0
731467,11,0,0,0,0,9,14,0,1,0,2,3,7,1,0,576,0,0,7,0,101,38,0
731463,126,0,0,1,1,8,24,6,0,0,3,9,2,0,1,769,0,0,4,3,113,37,0
731462,3,0,0,0,1,0,6,2,0,0,2,2,2,0,0,223,0,0,0,0,35,35,0
731461,106,0,0,0,0,0,0,0,0,0,3,1,5,0,0,270,0,1,1,1,47,21,0
731455,54,0,0,0,1,0,0,0,0,0,1,1,2,1,1,142,0,0,0,0,24,50,0
731453,229,0,0,0,0,2,0,0,0,0,4,3,2,0,0,450,0,2,0,1,70,38,0
731448,1,0,0,0,4,12,0,0,0,0,1,11,23,1,0,903,0,0,7,6,164,24,0
731443,25,0,0,2,1,2,12,0,0,1,3,6,6,1,0,491,0,1,2,4,80,29,0
731438,79,1,0,0,0,0,6,2,0,0,3,2,1,1,0,188,0,0,1,0,19,24,1
731436,95,0,0,3,2,4,14,4,0,0,1,7,6,0,1,895,0,1,5,0,152,47,0
731433,3412,0,0,0,0,7,16,0,0,0,2,1,2,0,0,453,0,2,2,2,78,47,0
731431,15,1,0,2,0,0,0,0,0,0,2,2,6,0,1,287,0,1,2,5,40,18,0
731427,39,0,0,2,0,4,42,0,0,0,3,12,3,1,1,1356,0,2,1,1,175,66,0
731426,29,0,0,0,0,4,14,0,0,0,2,3,4,1,0,574,0,1,2,0,70,27,0
731425,4162,0,0,1,1,2,14,4,0,0,3,10,10,0,0,624,0,2,4,4,82,78,0
731423,1,1,0,1,1,11,8,4,0,0,3,3,1,1,0,474,0,1,0,3,59,62,0
731422,495,0,0,6,0,13,56,2,0,0,4,3,10,0,0,1339,0,1,3,0,178,51,0
731421,960,0,0,0,1,0,10,0,0,0,1,2,7,0,0,586,0,0,5,4,80,23,0
731412,1585,0,0,1,2,2,16,4,1,1,2,2,1,0,0,412,0,1,2,0,38,105,0
731411,451,0,0,1,1,9,20,0,1,0,2,8,6,0,1,753,0,0,2,1,81,61,1
731410,8,0,0,1,0,1,4,2,0,0,1,4,6,0,1,615,0,0,1,9,110,30,0
731409,70,0,0,1,2,6,22,0,0,1,3,4,7,0,0,629,0,1,0,1,72,49,0
731404,30,0,0,1,1,3,18,2,0,0,2,2,2,0,0,539,0,1,1,0,67,23,0
731402,1,0,0,0,1,2,0,0,0,1,2,4,1,0,0,338,0,0,3,0,53,46,0
731401,5450,0,0,0,1,1,4,0,0,0,1,2,1,0,0,258,0,1,1,2,42,32,0
731400,8,0,0,0,2,0,6,0,0,1,3,3,2,2,0,374,0,0,1,1,59,61,0
731396,6,0,0,4,0,6,8,4,0,0,3,4,4,1,1,686,0,2,0,3,101,29,1
731395,3,0,0,0,0,4,6,0,0,0,2,2,6,1,2,139,0,0,1,0,11,99,0
731394,6,0,0,1,0,0,4,2,0,0,2,2,0,0,0,149,0,0,1,1,17,76,0
731393,186,0,0,1,4,2,16,6,0,0,1,3,5,1,1,623,0,5,4,1,113,150,0
731391,1024,0,0,3,0,6,24,0,0,0,4,5,8,0,1,938,0,2,0,1,120,57,0
731389,11,0,0,1,1,0,6,0,0,1,2,3,2,0,0,246,0,0,0,0,30,69,0
731386,71,0,0,1,2,0,14,0,0,0,2,3,3,0,0,329,0,2,1,0,46,84,0
731385,262,0,0,0,0,4,22,0,0,0,2,1,3,0,0,403,0,0,0,0,58,17,0
731384,1,0,0,1,1,0,0,0,0,0,1,1,4,0,1,218,0,0,1,4,30,46,1
731377,1,0,0,0,0,0,2,0,0,1,2,1,0,0,0,109,0,1,0,0,19,43,0
731376,41,0,0,0,2,11,20,0,0,0,4,2,5,0,0,553,0,1,2,1,78,31,0
731373,16,0,0,0,2,1,8,0,0,0,1,4,5,1,1,488,0,1,1,1,71,87,0
731369,135,0,0,1,0,11,0,0,0,0,1,3,14,1,1,719,0,1,1,6,99,58,0
731368,533,0,0,1,1,8,12,2,0,0,2,7,8,0,1,644,1,1,2,1,102,15,0
731366,507,0,0,0,0,7,34,2,0,1,3,6,8,0,0,815,0,4,2,0,119,23,0
731363,1624,0,0,0,1,0,12,0,0,0,1,3,1,1,1,263,0,0,1,0,42,37,0
731362,729,0,0,1,0,9,14,0,0,0,4,2,13,0,0,539,0,0,0,5,66,24,0
731361,234,0,0,3,1,6,8,2,0,0,2,4,1,1,1,313,0,0,0,0,43,100,0
731352,6,0,0,2,2,8,10,2,1,0,3,5,6,2,0,904,0,0,2,5,132,56,0
731350,23,0,0,7,0,5,56,0,0,0,2,7,12,0,2,1016,0,0,0,8,119,37,1
731349,2436,0,0,0,0,7,16,4,0,0,2,5,0,0,0,434,0,1,1,1,58,22,0
731342,46,1,0,1,0,1,8,0,0,0,1,2,2,0,0,236,0,0,4,0,31,37,0
731341,263,0,0,0,1,1,6,0,0,0,3,1,4,0,0,461,0,1,3,1,71,63,0
731340,922,0,0,0,0,0,12,0,0,0,2,4,3,0,2,244,0,1,0,0,39,67,0
731338,13,0,0,3,0,3,26,12,0,0,1,7,2,1,0,1106,0,1,3,1,71,48,0
731337,327,0,0,3,0,5,4,0,0,0,3,2,7,0,0,1164,0,0,0,9,188,45,0
731335,975,0,0,0,1,1,6,0,0,0,3,2,5,0,1,285,0,0,1,0,36,56,0
731332,122,0,0,0,0,3,12,2,0,0,1,3,1,0,0,200,0,1,0,0,27,57,0
731329,89,1,0,3,0,19,74,4,0,0,1,12,10,0,0,1938,0,7,3,8,326,94,0
731324,184,0,0,2,1,4,38,0,0,0,1,23,17,0,0,1295,0,1,2,7,133,45,0
731322,1811,0,0,1,0,12,42,6,1,0,2,9,5,0,0,923,0,2,1,0,95,67,0
731321,80,0,0,2,0,0,16,8,0,0,2,7,1,0,1,566,1,0,1,3,27,25,0
731318,20,0,0,2,1,5,8,0,0,0,1,11,14,1,0,1271,0,3,4,7,227,42,0
731314,1,0,0,1,0,2,4,0,0,0,1,6,4,1,0,328,1,0,0,2,56,21,0
731313,320,0,0,1,0,0,4,2,0,0,1,3,0,0,2,146,0,2,1,0,14,45,0
731310,34,0,0,0,0,5,6,2,0,0,1,5,50,0,0,1028,0,1,3,0,60,24,0
731303,5,0,0,1,2,2,4,0,0,0,2,4,1,0,0,246,0,3,1,0,39,20,0
731301,11,0,0,2,1,7,22,4,0,0,5,4,7,0,1,953,0,5,4,6,144,60,0
731300,186,0,0,6,0,7,62,10,0,0,2,7,11,2,1,1359,0,4,3,2,203,70,0
731299,135,0,0,1,1,3,0,0,0,0,3,3,3,1,0,309,0,1,5,0,55,73,0
731298,1,0,0,0,0,3,0,0,0,0,1,1,3,0,0,575,0,2,4,6,108,25,0
731296,120,0,0,1,0,7,60,0,0,0,1,2,6,0,0,860,0,0,0,0,124,45,0
731294,612,0,0,0,0,6,12,0,0,0,1,2,2,0,0,400,0,2,1,0,58,53,0
731292,106,0,0,0,1,4,8,2,0,0,1,3,1,0,0,189,0,0,0,0,10,29,0
731288,1,0,0,3,0,3,0,0,0,0,3,4,7,0,0,680,0,2,2,8,99,70,0
731283,44,0,0,0,0,0,4,0,0,0,2,2,4,0,1,109,0,1,1,0,18,44,0
731279,6,0,0,0,0,3,8,0,0,0,1,1,4,0,0,573,0,1,1,1,101,39,0
731276,126,0,0,1,1,0,0,0,0,0,3,2,4,1,0,275,0,1,1,4,35,65,0
731275,50,0,0,1,1,0,8,0,0,0,2,2,1,0,0,172,0,1,1,0,22,44,0
731274,5,0,0,2,5,1,10,0,0,0,1,7,3,0,1,477,0,1,2,3,69,79,0
731273,856,0,0,0,0,0,10,2,0,0,1,1,1,0,0,246,0,1,1,0,28,41,0
731272,702,0,0,1,1,17,0,0,0,0,3,8,10,1,0,1797,0,3,3,12,270,49,0
731270,555,0,0,4,0,5,16,4,0,0,1,4,8,1,2,865,0,1,3,4,98,32,0
731268,22,0,0,2,0,6,4,0,0,0,2,6,7,1,0,733,0,0,0,6,108,24,0
731267,1,0,0,1,2,4,12,0,0,0,1,1,4,1,1,414,0,0,3,3,68,45,0
731261,15223,0,0,2,1,6,26,0,0,0,1,6,10,0,0,1047,0,2,1,11,124,24,3
731257,21,0,0,2,0,0,4,0,0,0,1,2,1,0,0,206,0,0,1,1,28,44,1
731256,129,0,0,1,1,15,22,8,0,0,4,9,10,0,1,809,0,1,6,7,90,57,0
731241,67,0,0,0,2,3,12,2,0,1,2,2,1,0,0,273,0,1,1,1,33,51,0
731235,612,0,0,0,2,3,22,0,0,0,2,3,9,3,0,618,0,1,2,1,106,51,0
731233,43,0,0,0,0,6,10,0,0,0,3,4,10,0,0,1105,0,2,4,6,166,76,0
731232,62,0,0,3,0,1,0,0,0,0,2,2,5,0,0,410,0,2,1,5,37,56,0
731228,1,0,0,2,1,4,20,8,0,0,1,3,2,0,0,404,0,1,0,4,28,66,0
731226,6,0,0,1,0,10,0,0,0,0,3,8,9,1,0,1497,0,5,5,2,229,36,0
731225,234,1,0,0,1,3,14,0,0,0,2,4,2,0,1,426,0,0,3,1,57,38,0
731223,1,0,0,1,3,2,0,0,0,0,1,2,3,2,1,733,0,0,4,6,121,30,0
731220,13,0,0,0,3,2,0,0,0,0,2,3,2,1,0,450,0,2,5,2,81,53,0
731219,33,0,0,0,1,0,8,0,0,0,2,2,1,1,0,142,0,1,1,2,21,80,0
731218,2108,0,0,0,0,38,30,0,0,0,2,3,4,0,0,926,0,1,0,1,110,61,0
731216,8,0,0,1,1,2,16,6,0,0,3,1,0,0,0,334,0,1,0,1,25,50,0
731215,7,0,0,0,1,2,0,0,0,0,1,1,1,0,0,195,0,1,1,0,34,24,0
731211,124,0,0,1,0,2,20,2,0,0,1,2,2,0,0,438,0,1,0,3,56,36,0
731207,217,1,0,4,2,4,8,0,1,0,4,7,11,0,1,778,0,0,0,13,96,45,1
731206,501,0,0,4,0,15,26,0,0,0,4,5,14,0,0,1402,0,2,2,6,199,37,5
731204,5,0,0,0,1,0,4,2,0,0,1,3,1,1,1,148,0,0,0,0,14,41,0
731203,84,0,0,4,1,3,14,2,0,0,1,3,13,0,0,749,0,1,1,4,102,34,0
731202,612,0,0,1,1,8,10,0,0,0,2,3,2,0,0,701,0,5,3,1,118,31,0
731201,1,0,0,2,2,6,0,0,0,0,4,5,9,1,0,781,0,1,2,9,121,40,0
731199,118,0,0,1,0,0,0,0,0,1,4,2,5,0,0,177,0,0,0,4,18,48,0
731197,336,0,0,1,0,3,42,6,0,0,5,8,8,0,0,934,0,4,4,0,102,38,0
731193,125,0,0,2,0,3,0,0,0,0,1,2,1,0,0,468,0,2,4,0,72,21,0
731192,3,0,0,1,2,0,16,2,0,0,1,3,3,1,0,514,0,1,1,0,79,19,0
731191,1,0,0,0,0,4,0,0,0,0,2,1,7,0,0,614,0,2,4,3,110,47,0
731182,555,1,0,0,1,0,4,2,0,0,3,2,0,0,1,176,0,3,1,0,12,63,0
731181,46,1,0,0,1,4,16,0,0,0,5,2,1,0,0,366,0,2,4,0,57,19,0
731178,612,0,0,0,0,2,2,0,0,0,1,1,2,0,0,219,0,2,0,0,32,49,0
731170,612,0,0,0,0,3,12,0,0,0,3,3,4,1,0,512,0,1,2,0,84,38,0
731168,845,0,0,3,0,4,34,0,0,0,2,4,6,1,0,611,0,1,3,6,98,135,1
731167,141,0,0,5,6,30,144,0,0,0,3,11,42,0,1,3483,0,0,4,11,525,106,0
731164,1,0,0,0,1,1,0,0,0,0,1,2,3,0,0,197,0,0,0,0,33,56,0
731163,153,0,0,0,0,0,4,2,0,0,1,1,0,0,0,158,0,2,1,0,16,32,0
731162,329,0,0,4,1,3,14,0,1,0,2,7,18,0,0,810,0,0,3,10,87,31,0
731160,26,0,0,0,2,3,10,0,1,0,2,3,7,0,1,292,0,0,1,5,38,49,0
731156,41,0,0,2,2,1,12,0,0,0,4,3,1,0,0,405,0,1,1,0,46,39,0
731155,1829,0,0,0,0,1,12,2,0,0,1,1,1,0,0,279,0,1,0,0,37,26,0
731154,428,0,0,2,1,12,20,0,0,0,3,6,16,0,0,1951,0,1,3,11,203,65,0
731153,46,1,0,0,1,2,4,2,0,0,3,4,0,0,0,269,0,0,0,0,39,39,0
731150,100,0,0,0,0,11,8,0,0,0,1,1,3,0,0,298,0,1,1,1,39,17,0
731149,228,0,0,1,2,1,30,0,0,0,1,1,2,0,0,518,0,2,1,1,97,36,0
731147,6137,0,0,1,0,16,24,4,0,0,3,2,9,0,0,1454,0,1,2,5,176,54,1
731146,24,1,0,0,1,0,6,2,1,0,2,1,4,0,0,339,0,1,3,0,32,48,0
731141,6,0,0,1,1,0,24,2,0,0,2,6,15,2,1,682,0,2,3,3,87,37,0
731136,108,0,0,0,1,1,4,2,0,0,2,2,0,0,0,155,0,1,1,0,19,57,1
731135,592,0,0,1,0,18,8,0,0,0,1,4,4,0,0,334,0,1,0,0,28,92,0
731132,35,0,0,3,2,18,64,0,0,0,3,8,20,1,1,2372,0,9,4,7,344,87,0
731129,1,0,0,0,1,0,8,0,0,0,1,1,1,0,0,191,0,2,1,0,26,47,0
731126,56,0,0,0,0,2,0,0,0,0,2,1,4,0,0,297,0,1,1,0,59,34,0
731124,10,0,0,1,1,4,74,25,0,0,2,7,7,0,0,1100,0,0,4,0,136,67,0
731120,72,0,0,3,0,2,6,0,0,0,3,9,1,0,0,596,0,4,2,1,63,43,0
731119,1,0,0,2,0,2,0,0,0,0,3,3,9,0,0,357,0,0,0,10,38,26,0
731116,85,0,0,0,1,2,0,0,0,1,1,1,0,0,0,251,0,0,1,0,51,94,0
731114,1,0,0,2,2,6,20,4,0,0,1,1,1,0,0,475,0,1,0,0,56,54,0
731109,96,0,0,8,0,20,68,6,0,0,2,8,14,2,0,2221,0,1,1,2,345,64,0
731107,6,0,0,3,0,0,6,2,0,0,2,1,4,1,1,403,0,1,0,6,39,30,0
731105,11,1,0,0,1,1,22,2,0,0,1,3,3,0,0,403,0,0,3,0,71,32,0
731103,495,0,0,0,3,6,26,0,0,0,3,3,4,0,0,567,0,0,2,4,109,45,0
731102,46,0,0,0,0,0,0,0,0,0,1,1,1,0,0,146,0,1,1,0,27,54,0
731101,317,0,0,7,0,0,6,0,0,0,2,7,6,0,2,447,0,0,0,6,49,23,0
731100,127,0,0,9,1,3,56,0,0,0,2,23,4,0,1,1203,0,2,4,4,176,22,1
731098,329,0,0,1,1,1,8,0,0,0,2,4,3,0,1,423,0,3,3,0,52,26,0
731097,124,0,0,2,0,4,12,2,0,0,3,5,5,0,0,550,0,3,0,4,67,119,0
731093,19,0,0,4,0,0,0,0,1,0,1,9,21,2,0,790,0,0,4,21,98,89,0
731087,2208,0,0,3,1,6,0,0,2,0,1,5,7,0,1,951,0,4,4,5,161,41,0
731086,11,0,0,0,0,0,16,0,0,0,2,2,2,0,0,261,0,2,2,1,45,55,0
731081,1,0,0,3,0,9,0,0,0,0,1,1,21,0,0,1409,0,0,0,8,459,30,0
731078,7,0,0,0,1,4,14,0,0,0,1,1,2,0,0,168,0,0,0,0,29,23,0
731077,191,0,0,0,1,3,18,0,0,0,1,2,2,0,0,295,0,0,3,0,42,19,0
731073,100,1,0,1,1,5,16,0,0,0,3,1,2,0,0,344,0,1,0,1,36,48,0
731069,301,1,0,0,1,9,32,0,0,0,2,3,18,1,1,1736,0,1,0,3,265,42,0
731068,1307,0,0,2,0,1,6,2,0,0,1,3,0,1,0,217,0,1,1,0,16,23,0
731065,1483,0,0,0,0,3,12,0,0,0,2,1,0,0,0,189,0,1,0,0,36,58,0
731064,96,0,0,3,4,23,92,4,1,0,2,6,17,0,1,1680,0,0,3,0,272,64,0
731061,156,0,0,2,0,9,0,0,0,0,3,7,14,0,1,1080,0,2,4,1,187,84,0
731054,429,0,0,2,1,18,48,0,0,0,2,4,17,0,1,1009,0,1,3,6,165,71,1
731053,124,0,0,0,0,5,10,0,0,0,2,1,4,0,0,204,0,2,0,4,33,56,0
731048,320,1,0,1,0,0,0,0,0,1,2,2,5,0,2,180,0,0,0,5,17,42,0
731046,1,0,0,0,0,1,0,0,0,0,2,1,0,0,0,117,0,0,1,0,21,45,0
731043,148,1,0,1,2,30,82,12,0,0,2,15,25,0,0,2868,0,0,7,6,291,24,0
731041,11226,0,0,0,2,3,8,0,0,0,2,2,2,0,0,309,0,1,0,0,46,50,0
731040,7211,0,0,1,1,26,34,8,0,0,1,4,11,0,0,1742,0,2,5,2,236,31,0
731034,612,0,0,0,0,1,18,0,0,1,2,1,4,0,0,370,0,1,1,0,58,15,0
731033,1,0,0,2,1,0,20,2,0,0,1,5,8,0,0,478,1,2,1,1,75,22,0
731032,1,0,0,2,1,2,1,0,0,0,1,1,4,0,0,186,1,0,0,0,34,42,0
731031,690,0,0,0,5,29,52,0,0,0,1,14,21,1,0,2048,0,0,2,2,261,55,0
731029,583,0,0,7,2,23,44,2,1,0,5,4,5,0,1,1415,0,2,2,4,169,83,0
731028,15,0,0,3,0,3,8,4,0,0,1,5,0,0,1,374,0,0,0,0,31,27,0
731027,173,1,0,0,0,3,16,0,1,0,1,4,5,0,0,392,0,2,1,0,41,38,0
731022,1322,0,0,4,1,47,56,0,0,0,2,7,4,0,0,1812,0,3,1,6,318,68,0
731021,112,1,0,2,0,0,0,0,0,0,5,8,8,0,0,361,1,2,0,8,27,45,0
731019,1,0,0,1,1,0,6,0,0,0,1,1,0,0,0,165,0,1,1,0,35,110,0
731017,6,0,0,1,0,2,14,0,0,0,2,4,7,1,1,366,0,2,1,1,47,48,0
731015,1,0,0,2,2,12,40,0,0,0,1,4,9,0,0,904,0,0,0,13,168,69,0
731012,2436,0,0,0,2,6,14,2,0,0,3,3,0,0,0,341,0,1,0,0,35,110,0
731010,183,0,0,1,7,7,44,0,0,1,2,8,9,0,1,1039,0,0,10,3,188,20,0
731006,65,0,0,0,0,0,8,0,0,0,1,2,2,0,1,219,0,2,2,1,31,25,0
731004,107,1,0,0,1,4,12,0,0,0,1,4,3,1,2,372,0,0,1,3,55,65,0
730995,9175,0,0,20,2,61,238,18,1,0,3,15,45,0,0,3869,0,5,1,5,534,27,0
730989,183,0,0,1,4,12,16,0,0,0,1,12,14,1,0,1235,0,3,5,2,172,47,0
730987,56,0,0,0,2,0,18,0,0,0,2,1,0,1,1,311,0,4,2,1,57,33,1
730983,49,0,0,1,0,0,2,0,0,0,1,2,1,0,1,122,0,0,0,0,16,72,0
730982,21,0,0,0,0,4,2,0,0,0,1,2,1,0,0,289,0,1,0,4,49,48,0
730978,349,0,0,0,2,2,14,0,0,0,1,2,0,0,1,611,0,1,0,0,49,41,0
730974,65,0,0,0,2,1,28,0,0,0,1,3,6,0,1,644,0,2,2,0,92,119,0
730973,1,0,0,1,0,1,4,0,0,0,1,2,4,0,0,179,1,2,1,5,20,26,0
730970,6,0,0,1,0,3,0,0,0,0,1,2,1,0,0,274,0,1,1,0,46,44,0
730964,9796,0,0,1,0,4,26,2,0,0,3,3,8,1,1,884,0,0,2,8,125,22,0
730959,124,0,0,0,1,0,2,0,0,0,2,1,1,0,0,246,0,1,1,0,41,95,0
730957,108,0,0,0,0,1,8,0,0,1,2,2,3,0,0,253,0,1,3,0,44,31,2
730954,8,0,0,0,1,4,4,2,0,0,1,1,3,0,0,181,0,1,1,0,29,27,0
730950,13,0,0,1,0,0,4,2,0,0,2,6,3,0,1,338,0,0,2,4,44,44,0
730947,28,0,0,3,1,3,6,0,0,0,2,3,13,0,1,689,0,1,2,8,77,37,0
730942,374,0,0,1,2,15,10,0,0,0,2,2,9,0,2,732,0,2,1,7,97,76,0
730941,15,1,0,1,2,4,0,0,1,0,3,4,4,0,0,712,0,1,1,6,125,65,0
730938,135,0,0,1,0,3,0,0,0,0,1,2,4,0,1,307,0,1,3,0,53,28,0
730937,1255,0,0,9,1,31,42,0,0,0,2,15,42,0,0,3512,0,6,5,35,505,46,0
730936,99,1,0,2,0,12,10,0,0,0,1,4,4,0,0,1036,0,3,1,1,178,39,0
730935,10,0,0,1,1,3,16,4,0,0,1,4,6,1,0,775,0,0,4,6,91,34,0
730931,117,0,0,0,3,13,22,2,0,0,3,5,5,0,0,883,0,2,6,6,146,42,0
730929,270,0,0,0,1,3,30,0,0,1,5,2,3,0,0,360,0,2,3,0,67,33,0
730927,26,0,0,2,4,1,36,0,2,0,2,5,9,0,0,702,0,0,2,0,121,100,1
730926,3,0,0,1,1,2,6,0,0,1,2,3,2,0,0,229,0,0,0,0,19,24,0
730922,242,0,0,5,0,11,36,0,0,0,1,6,25,0,0,1626,0,0,5,17,257,64,0
730921,36,0,0,2,2,7,30,0,0,0,1,8,7,2,0,839,0,0,0,2,136,19,0
730918,1198,0,0,2,2,11,0,0,0,0,2,5,23,0,1,2343,0,2,3,3,388,38,1
730914,1,0,0,1,1,2,6,0,0,1,5,5,7,0,0,1040,0,2,2,6,151,41,0
730911,147,0,0,1,5,6,18,0,0,0,1,8,7,0,0,852,0,3,2,3,113,77,0
730908,628,0,0,1,1,8,12,2,0,0,1,3,2,0,0,610,0,1,1,0,103,44,0
730906,317,0,0,1,1,3,18,0,0,0,1,2,7,0,0,447,0,0,2,1,71,51,0
730904,23,0,0,0,1,5,0,0,0,1,4,4,5,0,0,426,0,0,2,0,90,64,0
730902,526,1,0,0,1,4,12,4,0,0,5,1,4,1,2,446,0,0,1,0,45,66,0
730900,108,0,0,0,0,0,10,0,0,1,3,1,1,0,0,197,0,2,1,0,26,44,0
730895,495,0,0,1,0,5,48,0,0,0,4,3,7,0,0,777,0,2,3,1,138,86,0
730892,132,1,0,0,0,2,64,0,0,0,4,8,12,0,0,2555,0,2,5,6,434,51,0
730891,136,0,0,0,2,0,14,0,0,0,3,6,6,0,2,458,0,0,3,0,67,53,0
730890,9,0,0,1,3,2,4,0,0,0,3,1,5,0,0,696,0,2,2,4,104,104,0
730888,557,0,0,3,0,1,30,0,0,0,2,2,2,0,0,931,0,2,1,8,141,29,0
730885,1,0,0,1,1,0,14,6,0,0,2,4,1,0,1,424,0,0,2,2,8,87,0
730883,141,0,0,5,0,4,4,0,0,0,2,9,10,0,1,618,0,1,2,6,72,62,0
730882,6,0,0,1,3,2,20,0,0,0,2,4,9,1,0,567,0,0,1,1,100,26,0
730879,112,0,0,1,0,0,0,0,0,0,4,4,4,0,0,224,1,3,1,7,24,47,0
730878,27,0,0,0,1,3,14,6,0,1,3,4,2,0,0,715,0,2,2,0,82,46,0
730876,11319,0,0,1,2,2,12,6,0,0,1,5,2,0,1,509,0,0,0,2,33,82,0
730875,18,0,0,2,2,7,22,0,1,0,1,11,11,1,0,936,0,0,3,1,168,50,1
730874,526,0,0,0,0,2,16,6,0,0,5,1,4,1,2,482,0,0,0,0,49,64,0
730871,121,0,0,1,0,1,0,0,0,0,2,3,3,0,2,321,0,0,1,0,49,31,0
730869,526,1,0,0,0,1,10,4,0,0,5,1,4,0,1,414,0,0,1,1,59,68,0
730868,26,0,0,0,2,0,0,0,0,0,1,1,2,1,1,167,0,1,2,0,28,49,0
730866,108,0,0,4,1,2,8,2,0,1,1,3,1,0,0,252,0,1,0,1,38,31,0
730865,19,0,0,1,1,1,0,0,0,0,2,9,17,0,0,988,0,3,2,5,167,117,0
730863,586,0,0,3,1,39,110,2,0,0,5,10,12,0,0,2293,0,4,7,0,354,92,0
730862,16,0,0,0,0,0,0,0,0,0,2,1,1,0,0,199,0,2,0,0,32,28,0
730859,6,0,0,1,0,2,12,0,0,0,1,3,2,0,0,437,0,1,2,2,40,78,0
730856,92,1,0,0,1,1,26,2,0,0,1,5,6,1,0,675,0,1,1,1,108,26,0
730855,183,0,0,5,0,11,40,0,0,0,1,9,12,0,0,1081,0,0,1,1,85,43,1
730848,6,0,0,5,7,15,50,16,0,1,4,2,29,1,0,2465,0,1,5,21,281,69,0
730846,152,0,0,1,1,0,8,0,0,0,2,4,0,0,0,206,0,0,3,0,36,32,2
730841,141,0,0,2,1,3,2,0,0,0,3,5,3,0,0,589,0,2,3,4,61,62,0
730840,6,0,0,0,0,2,0,0,0,0,1,1,5,0,0,568,0,0,1,2,103,101,0
730838,4718,0,0,1,0,0,0,0,0,0,2,2,1,0,0,264,0,1,0,0,45,24,0
730837,1,0,0,1,0,19,4,0,0,0,1,2,2,0,0,538,0,0,2,0,36,47,0
730835,8,0,0,0,0,0,0,0,0,0,2,2,0,0,0,155,0,0,1,1,29,42,0
730834,1086,0,0,1,0,5,34,0,0,0,5,2,10,0,0,757,0,1,0,0,110,43,0
730830,2224,0,0,3,1,8,0,0,0,0,2,6,9,1,0,983,0,2,2,11,121,61,0
730829,11,0,0,2,2,6,0,0,2,0,3,7,15,0,2,834,0,0,3,1,137,66,1
730816,485,1,0,1,0,3,16,0,0,0,3,4,3,0,0,326,0,3,1,0,37,51,0
730813,6,0,0,0,1,1,0,0,0,0,1,3,1,0,1,321,0,0,1,2,56,42,0
730812,1,0,0,0,1,7,20,6,0,0,2,3,6,0,0,745,0,0,4,5,116,35,0
730809,209,0,0,1,2,1,6,2,0,0,3,1,1,0,0,226,0,0,0,0,30,25,0
730808,1861,0,0,2,0,8,16,4,0,0,5,8,6,5,0,1021,0,0,5,7,124,64,0
730807,537,0,0,1,1,0,24,2,1,0,1,4,4,0,0,707,0,0,0,2,103,84,0
730805,1,0,0,0,0,3,10,2,0,0,2,3,2,0,0,235,0,1,1,2,35,53,0
730804,255,0,0,0,1,4,8,0,0,0,4,1,3,0,0,390,0,1,0,2,70,30,0
730802,10,0,0,0,0,4,0,0,0,0,1,5,4,1,1,753,0,2,4,5,130,76,0
730801,1,0,0,1,0,0,0,0,0,0,2,2,3,0,0,225,0,1,1,4,19,35,0
730799,537,0,0,2,2,7,24,2,0,0,1,2,6,0,0,800,0,0,4,3,120,64,0
730798,1292,0,0,0,1,1,0,0,0,0,1,2,0,0,0,172,0,1,0,0,22,79,0
730797,33,0,0,1,1,2,8,0,0,0,1,3,2,0,1,270,0,0,2,0,38,53,1
730794,229,0,0,0,0,1,12,0,0,0,3,3,7,1,0,440,0,0,2,1,79,39,0
730793,11,0,0,0,1,2,0,0,0,0,3,2,1,1,1,108,0,0,1,0,14,26,0
730792,485,1,0,8,2,8,38,0,0,0,3,9,17,0,0,1281,0,1,4,4,144,68,0
730791,103,0,0,3,1,1,4,2,0,0,3,4,8,0,0,713,0,0,3,4,111,58,0
730790,1,0,0,0,0,6,0,0,0,0,1,1,2,0,0,323,0,1,2,0,63,41,0
730788,31,0,0,1,0,13,20,2,0,0,3,2,2,0,0,539,0,1,2,3,63,35,0
730787,11,0,0,0,3,0,6,0,0,0,2,4,4,1,1,685,0,0,2,2,89,33,0
730785,21,0,0,0,0,6,30,0,0,0,2,20,14,3,2,1811,0,0,2,0,225,44,5
730777,220,0,0,0,1,3,4,0,0,1,2,7,34,0,0,1166,0,4,8,3,185,34,0
730776,173,0,0,0,2,3,20,4,0,1,4,4,6,1,1,516,0,0,2,0,65,18,0
730775,199,0,0,0,0,1,22,2,0,0,2,2,2,0,0,347,0,1,2,0,39,101,0
730772,19,0,0,0,1,0,2,0,0,0,1,2,2,1,0,136,0,0,1,0,5,31,0
730771,183,0,0,0,0,9,12,0,0,0,1,2,3,0,0,740,0,2,2,0,114,21,0
730766,3787,0,0,2,3,0,24,6,0,0,2,2,5,0,0,735,0,1,3,2,121,100,0
730760,47,0,0,2,1,4,24,0,0,1,2,5,3,1,1,538,0,0,3,0,77,69,0
730759,231,0,0,6,0,25,4,0,0,0,4,8,21,0,1,1880,0,2,0,13,242,73,0
730756,26,0,0,0,2,0,20,0,0,0,2,3,5,1,1,322,0,0,3,0,55,50,0
730753,53,0,0,0,0,3,6,0,0,0,3,3,2,0,0,428,0,2,2,0,73,23,0
730752,150,0,0,2,1,3,10,2,0,1,4,4,6,0,0,849,0,3,5,5,151,51,0
730749,61,1,0,0,1,2,6,0,0,0,3,1,1,0,0,112,0,0,1,0,17,90,0
730748,63,0,0,4,4,30,46,0,0,0,2,15,22,2,0,2357,0,8,7,8,305,52,0
730746,270,0,0,1,0,1,0,0,0,1,4,2,5,0,0,307,0,1,1,4,40,53,0
730745,263,0,0,0,2,6,18,0,0,0,3,3,2,0,0,428,0,1,2,0,60,68,0
730740,18,0,0,0,0,2,26,0,0,0,5,2,6,0,0,938,0,0,2,0,101,34,0
730739,6,0,0,0,3,4,20,0,0,0,3,1,5,0,1,488,0,2,2,1,79,29,0
730737,394,0,0,1,0,2,22,0,0,0,1,3,5,0,0,721,0,4,3,0,104,32,0
730735,991,1,0,2,1,1,18,8,0,0,3,8,1,1,1,549,1,1,2,1,40,83,0
730732,526,0,0,0,1,2,14,6,0,0,5,1,3,1,0,436,0,0,2,1,45,61,0
730730,317,0,0,0,2,5,8,0,0,0,2,5,6,0,0,811,0,3,6,0,127,67,0
730728,461,0,0,5,2,6,14,0,0,0,2,4,8,0,0,662,0,1,3,2,110,53,0
730725,526,1,0,0,1,1,6,2,0,0,5,1,3,0,1,256,0,0,1,0,32,112,0
730723,584,0,0,4,0,1,6,0,0,0,4,2,3,0,0,597,0,0,2,1,63,26,0
730720,21,0,0,0,0,0,0,0,0,0,1,1,1,0,0,129,0,1,1,0,21,57,0
730719,3673,0,0,0,2,12,50,2,0,0,3,10,11,1,1,1603,0,2,6,3,271,57,0
730715,526,0,0,0,1,3,4,2,0,0,5,1,3,0,1,279,0,0,0,0,33,122,0
730707,33,1,0,0,1,6,12,2,0,0,3,2,0,0,0,402,0,1,2,0,55,37,0
730706,100,1,0,3,0,4,8,0,0,0,2,5,3,0,1,409,0,1,3,0,79,34,0
730704,21,0,0,0,1,0,0,0,0,0,2,3,6,0,0,478,0,1,2,2,73,38,0
730703,555,0,0,0,1,1,2,0,0,0,2,3,3,1,1,198,1,2,2,1,24,73,0
730702,300,0,0,3,1,29,20,0,1,0,2,7,5,0,0,1069,0,0,4,3,181,76,0
730700,270,0,0,1,1,2,8,0,0,1,5,7,5,1,0,485,0,2,2,4,68,40,0
730697,10,0,0,0,0,7,28,0,0,0,3,1,3,0,0,805,0,1,2,0,145,30,0
730696,50,0,0,1,0,9,22,0,0,0,3,2,7,0,0,1133,0,2,2,4,178,39,0
730693,65,0,0,1,2,5,8,0,0,0,3,1,8,1,0,344,0,1,1,0,61,39,2
730692,102,0,0,1,0,0,4,0,0,0,2,1,0,0,0,134,0,1,0,0,18,74,0
730691,32,0,0,6,0,5,0,0,0,0,1,6,24,0,0,1439,0,2,4,12,185,102,0
730690,1746,0,0,0,0,0,0,0,0,0,2,2,1,0,0,200,0,1,1,0,23,86,0
730689,6,0,0,1,0,0,10,0,0,0,1,2,2,0,0,240,0,1,1,0,40,34,0
730686,1746,0,0,0,0,2,0,0,0,0,1,1,1,0,0,196,0,1,2,2,32,76,0
730685,106,0,0,0,2,10,0,0,0,0,2,4,6,0,0,1015,0,1,2,0,159,48,0
730683,4,1,0,0,2,2,14,4,0,0,2,6,4,2,0,711,0,0,3,5,121,71,0
730681,11,0,0,1,0,2,0,0,0,0,1,4,9,0,1,324,0,0,2,5,45,44,0
730680,577,0,0,4,1,16,74,9,0,0,1,6,11,2,1,1363,0,0,2,4,187,47,0
730676,21,0,0,7,0,25,8,0,0,0,2,3,56,0,0,992,0,0,0,1,157,30,0
730672,3709,0,0,0,0,1,10,0,0,0,2,2,2,0,0,293,0,0,1,1,32,37,0
730671,189,0,0,0,0,0,4,0,0,0,1,1,8,0,0,132,0,0,0,1,22,36,0
730669,102,0,0,3,3,2,2,0,0,1,2,6,11,0,0,676,0,0,5,8,96,53,0
730668,45,0,0,0,0,7,14,0,0,0,3,3,3,0,0,985,0,1,4,2,155,46,0
730660,3,0,0,0,1,1,0,0,0,1,2,1,1,0,0,147,0,0,1,0,27,96,0
730658,6,0,0,7,1,7,18,8,0,0,1,7,14,2,0,1423,0,0,4,12,160,54,2
730654,16,0,0,5,1,7,0,0,0,0,1,5,17,1,1,1432,0,0,2,7,219,144,1
730653,3,0,0,0,1,6,2,0,0,0,1,1,5,0,0,754,0,0,1,0,146,29,1
730650,3,1,0,0,0,2,12,0,0,0,4,4,5,1,0,571,0,1,4,0,91,37,0
730645,21,0,0,4,2,6,32,0,0,0,5,6,8,0,0,662,0,0,1,0,105,99,1
730644,564,0,0,0,0,3,0,0,0,0,1,2,4,0,0,678,0,1,1,0,114,33,0
730637,660,1,0,1,0,1,12,6,0,0,2,3,7,0,0,216,0,0,2,0,19,47,0
730635,67,0,0,2,1,1,14,2,0,1,3,3,6,0,0,510,0,1,1,4,71,35,0
730626,6,0,0,0,0,3,0,0,0,0,1,1,3,0,0,170,0,3,1,0,35,78,0
730623,189,0,0,1,0,0,4,0,0,0,1,6,5,0,0,216,0,1,1,4,18,29,0
730622,11,0,0,1,0,2,4,0,0,0,3,1,1,0,0,179,0,1,1,0,27,24,0
730621,1,0,0,0,1,12,30,2,0,0,1,7,11,0,0,623,0,1,3,2,86,38,0
730618,771,1,0,6,0,19,14,2,0,0,1,5,5,0,0,888,0,0,3,0,128,75,0
730614,21,0,0,5,0,23,0,0,1,0,3,8,21,0,1,2648,0,0,0,5,471,115,0
730611,1970,0,0,1,4,11,26,0,0,0,4,5,9,0,0,969,0,0,3,1,139,48,0
730610,189,0,0,2,0,0,0,0,0,0,1,5,11,0,0,463,0,1,1,1,63,46,2
730609,1,0,0,0,0,4,0,0,0,0,3,2,9,0,1,845,0,1,3,0,139,56,0
730607,13,0,0,0,0,5,22,0,0,0,2,3,3,0,0,406,0,1,0,0,53,47,0
730606,6,0,0,3,4,6,12,0,0,0,3,5,8,1,1,814,0,0,4,4,120,78,0
730605,839,0,0,0,3,16,46,12,0,0,4,6,8,0,0,1476,0,0,1,3,126,41,1
730604,404,0,0,2,0,0,0,0,0,0,4,1,4,0,0,261,0,1,0,4,18,39,0
730603,23,0,0,0,1,5,27,0,0,0,2,3,9,0,1,955,0,1,2,2,173,34,0
730597,106,0,0,3,3,9,0,0,0,0,5,3,21,0,0,2465,0,0,7,8,426,57,0
730596,1,0,0,1,0,5,16,2,0,0,1,2,4,0,0,731,1,0,0,1,126,48,0
730594,6,0,0,5,4,16,40,4,0,0,5,5,10,0,1,977,0,0,3,3,151,53,0
730590,11,0,0,0,0,5,0,0,0,0,2,2,3,0,0,395,0,1,2,1,55,38,0
730581,843,0,0,1,3,0,10,2,0,0,2,3,3,1,0,431,0,1,3,0,62,68,0
730580,100,1,0,2,0,1,8,2,0,0,5,1,1,0,0,226,0,1,0,3,16,56,0
730578,101,0,0,5,0,2,22,8,0,0,1,8,37,0,0,1325,0,3,1,4,51,27,0
730576,3891,0,0,0,0,7,14,0,0,0,2,2,1,0,1,350,0,2,0,2,51,107,0
730575,53,0,0,1,2,9,0,0,0,0,2,3,8,0,0,999,0,3,3,4,140,106,0
730567,51,1,0,0,3,4,0,0,0,0,3,2,3,0,1,277,1,0,0,3,44,57,0
730566,3197,0,0,0,0,2,6,0,0,0,2,1,2,0,0,107,0,2,0,0,19,46,0
730564,778,0,0,2,0,9,30,2,0,0,5,3,5,0,0,779,0,2,1,1,123,55,0
730559,61,0,0,0,0,0,12,0,0,0,2,2,2,0,1,301,0,2,1,2,45,52,0
730558,270,0,0,1,1,4,20,0,0,1,4,3,3,0,0,413,0,2,3,0,59,54,0
730557,742,0,0,0,1,5,18,4,0,0,1,1,2,0,0,446,0,1,1,4,58,45,0
730552,6,0,0,1,1,1,6,2,0,0,2,4,2,1,0,361,0,0,0,0,49,69,0
730547,107,0,0,0,3,2,14,2,0,0,1,1,3,0,0,449,0,2,3,2,70,29,0
730546,6,0,0,4,4,13,0,0,0,0,2,12,62,1,0,3002,0,1,5,11,392,89,9
730542,17,0,0,1,1,11,22,6,0,0,1,3,0,0,0,319,0,1,2,3,47,25,0
730540,23,0,0,0,1,7,36,0,0,0,2,3,4,0,1,916,0,4,4,10,119,106,0
730536,18,0,0,0,1,7,0,0,0,0,3,1,5,1,0,497,0,1,4,1,90,42,0
730533,102,0,0,4,1,10,26,0,0,0,2,6,11,0,0,1032,0,2,4,6,149,112,0
730532,192,0,0,1,0,5,22,10,0,0,2,4,2,0,0,475,0,0,0,2,56,77,0
730530,62,0,0,2,0,14,56,12,0,0,4,9,3,0,0,1514,0,0,2,1,187,24,3
730525,1,0,0,2,1,5,0,0,1,0,4,3,7,0,0,607,0,2,0,4,84,74,0
730522,189,0,0,0,0,2,8,2,0,0,2,2,1,0,0,131,0,1,1,0,17,40,1
730516,1174,0,0,1,0,3,20,0,0,0,3,2,5,0,1,535,0,5,3,6,73,40,0
730515,103,0,0,6,1,8,28,0,0,0,1,4,7,0,0,630,0,1,1,6,101,39,0
730511,126,0,0,2,0,3,8,0,0,0,2,4,9,0,0,891,0,5,2,5,135,65,0
730510,195,0,0,5,0,1,0,0,0,0,3,8,12,0,0,711,0,2,2,12,82,37,0
730507,3891,0,0,3,1,2,4,0,0,0,5,5,5,0,1,484,0,0,1,5,56,48,0
730502,327,0,0,2,3,16,30,0,0,0,1,5,11,1,1,696,0,0,0,3,94,31,0
730500,73,0,0,2,1,12,10,0,0,0,3,8,3,0,0,631,0,1,2,1,106,40,0
730497,159,0,0,3,0,10,0,0,0,0,4,2,10,0,0,936,0,0,1,9,154,69,0
730489,25,0,0,0,0,1,22,0,0,0,1,1,1,1,0,241,0,1,1,0,39,31,1
730487,5,1,0,0,1,0,2,0,0,0,1,1,0,0,0,132,0,2,1,0,18,41,0
730485,11,0,0,1,1,0,0,0,0,0,1,3,4,1,2,313,0,1,0,2,54,16,0
730484,16,0,0,0,0,0,0,0,0,0,1,1,1,0,0,237,0,2,1,0,39,24,0
730483,329,0,0,0,0,1,4,0,0,0,1,1,4,0,0,233,0,2,2,1,26,28,0
730481,626,0,0,0,1,1,6,0,0,1,4,2,3,1,0,212,0,1,2,4,31,53,0
730475,16,0,0,1,0,5,6,0,0,0,1,1,2,0,0,259,0,1,1,1,43,53,0
730469,817,0,0,0,0,0,4,0,0,0,1,1,3,0,0,330,0,1,1,0,45,46,0
730468,100,1,0,1,1,1,4,2,0,0,4,1,2,0,0,223,0,0,0,0,22,32,0
730467,43,0,0,1,0,6,14,0,0,0,1,4,5,0,0,407,0,2,2,2,55,80,0
730464,334,0,0,0,3,2,16,0,0,1,5,5,2,0,0,418,0,1,1,1,54,59,0
730462,991,0,0,0,0,0,2,0,0,0,1,3,3,0,0,361,1,1,3,3,62,17,0
730460,742,0,0,0,1,2,16,4,0,0,3,3,2,0,0,693,0,1,1,0,103,18,0
730456,810,0,0,0,0,1,0,0,0,0,2,3,2,0,0,479,0,2,1,1,68,61,0
730455,1257,0,0,1,0,6,28,0,0,0,2,5,9,0,0,959,0,5,4,11,130,26,0
730454,13,0,0,0,0,6,0,0,0,0,1,3,4,0,0,608,0,2,3,5,107,43,0
730450,135,0,0,5,0,4,0,0,0,0,1,3,5,0,1,415,0,1,0,7,62,55,0
730449,1329,0,0,0,0,6,0,0,0,0,3,6,7,0,2,1345,0,1,1,2,216,42,0
730443,1,0,0,1,1,8,12,0,0,0,4,5,7,0,0,531,0,0,0,0,95,82,0
730442,2923,0,0,2,0,5,10,0,0,0,3,5,6,0,0,839,0,1,4,0,104,86,0
730440,1,0,0,0,3,1,10,2,0,0,3,1,3,0,1,302,0,1,3,0,51,37,0
730430,21,0,0,0,0,7,20,6,0,0,1,2,7,0,0,713,0,0,0,1,91,144,0
730429,115,0,0,7,0,2,42,0,0,0,2,4,10,0,0,957,0,3,1,0,202,44,0
730428,167,0,0,1,1,11,0,0,0,0,3,3,12,1,0,1671,0,0,5,10,246,102,0
730427,1,0,0,1,1,19,22,0,0,0,2,6,15,0,2,1512,0,2,3,8,246,141,0
730426,3,0,0,0,1,0,10,0,0,0,2,2,1,0,0,150,0,1,1,4,22,56,0
730424,41,0,0,0,2,1,8,0,0,0,3,3,1,0,0,374,0,1,2,0,34,82,1
730421,759,0,0,0,1,0,10,0,0,0,2,2,3,1,0,305,0,2,1,0,41,47,0
730420,135,0,0,3,1,11,18,0,0,0,4,3,15,0,0,843,0,0,1,5,133,33,0
730418,6,0,0,1,1,8,0,0,0,0,1,2,2,0,0,360,0,0,3,0,58,29,3
730416,1,0,0,5,0,26,2,0,0,0,2,8,3,1,1,632,0,1,0,1,103,44,1
730413,1,0,0,0,0,1,0,0,0,0,2,3,5,1,1,386,0,0,1,2,61,38,0
730410,26,0,0,1,1,2,0,0,0,0,1,1,5,1,2,351,0,1,2,5,51,34,0
730409,337,0,0,1,1,0,6,0,0,0,1,1,0,0,1,214,0,1,2,0,31,58,0
730408,5873,1,0,0,0,0,12,0,0,0,2,1,2,0,0,429,0,1,1,2,71,137,0
730405,45,0,0,2,3,13,60,8,0,0,2,2,12,0,0,2205,0,2,2,5,255,24,0
730404,62,0,0,1,1,7,24,0,0,0,4,6,2,1,0,928,0,1,1,1,108,18,0
730403,6,0,0,3,1,5,2,0,1,0,3,9,13,0,0,1803,0,2,4,8,273,60,0
730392,584,0,0,3,0,3,12,0,0,0,1,3,13,0,0,546,0,0,0,0,48,42,1
730389,95,0,0,2,1,12,32,0,0,0,1,3,18,1,1,2299,0,1,6,12,460,52,0
730388,101,0,0,1,0,4,8,2,0,0,2,5,3,0,0,716,0,4,1,2,119,44,0
730385,6,0,0,1,1,8,0,0,0,0,1,2,1,0,0,372,0,0,2,2,61,29,2
730374,555,1,0,0,3,1,4,0,0,0,3,3,1,0,1,177,0,2,1,1,27,63,0
730370,1,0,0,0,0,0,0,0,0,0,2,1,2,0,0,205,0,1,1,0,37,31,0
730369,30,0,0,4,3,2,62,4,0,0,3,8,17,0,0,1261,0,0,4,2,176,45,0
730367,1,0,0,2,0,3,0,0,0,0,4,3,2,0,0,398,0,0,0,0,65,48,1
730364,1,0,0,6,0,3,0,0,0,0,2,9,16,1,2,1051,0,3,5,12,133,87,0
730362,447,1,0,1,1,4,12,2,0,0,2,5,1,0,1,443,0,1,2,0,67,39,1
730358,11,0,0,1,0,0,20,0,0,0,1,3,6,0,0,257,0,0,0,0,41,28,0
730357,111,0,0,1,0,0,0,0,0,0,2,1,6,0,0,445,0,1,0,1,123,25,0
730355,8,0,0,0,1,1,2,0,0,0,2,1,1,0,0,138,0,1,2,0,21,58,0
730354,11226,0,0,1,0,3,18,0,0,0,1,3,4,0,0,446,0,2,3,1,70,120,0
730349,18,0,0,3,0,7,12,2,0,0,2,8,8,0,0,724,0,1,0,1,87,31,0
730348,922,0,0,0,0,7,38,0,0,0,2,7,9,0,1,591,0,4,0,0,103,19,0
730346,555,1,0,0,0,2,4,0,0,0,2,3,3,0,1,178,0,2,2,1,23,43,0
730341,16,0,0,1,0,0,20,4,0,0,1,5,3,0,0,415,0,0,1,1,66,24,0
730338,72,0,0,2,1,1,10,0,0,0,1,4,0,0,0,391,0,0,1,1,53,26,0
730332,82,0,0,1,0,3,8,0,0,0,1,8,10,0,1,520,0,1,3,1,71,32,0
730328,2463,0,0,1,0,3,8,2,0,0,3,3,1,0,0,370,0,0,1,0,47,54,0
730326,80,0,0,5,2,2,26,8,0,0,2,1,3,0,0,939,0,1,3,1,97,49,1
730325,404,0,0,0,2,1,0,0,0,0,3,3,3,0,1,343,0,1,0,0,60,74,0
730324,802,0,0,1,3,10,36,4,0,0,2,8,7,0,0,966,0,2,1,1,166,64,0
730315,305,1,0,0,1,1,8,0,0,0,3,1,3,0,0,340,0,1,1,1,49,36,0
730302,827,1,0,1,1,1,16,6,0,0,4,6,4,0,0,427,0,1,1,1,62,19,0
730301,217,0,0,1,0,3,0,0,0,0,2,4,4,0,2,653,0,0,0,4,100,51,1
730294,21,0,0,1,0,17,38,0,0,0,3,3,5,0,0,653,0,0,2,0,103,58,0
730293,26,0,0,3,1,5,10,0,1,0,1,5,8,0,1,903,0,1,1,4,144,31,2
730292,135,0,0,6,5,19,64,6,1,0,3,11,17,1,0,2318,0,2,3,0,315,15,0
730287,305,1,0,0,1,5,16,0,1,0,2,1,4,1,0,353,0,0,0,1,41,25,0
730286,11226,0,0,1,1,7,20,0,0,0,2,3,9,0,0,717,0,1,1,8,94,101,0
730285,349,0,0,0,0,11,0,0,0,0,1,3,3,0,0,690,0,1,3,3,123,52,0
730283,1,0,0,1,1,6,16,0,0,0,2,2,3,0,0,348,0,0,1,6,56,41,1
730281,133,0,0,0,0,0,6,0,0,1,1,1,1,0,0,118,0,2,2,0,17,44,0
730280,11,0,0,0,0,0,4,0,0,0,2,3,2,0,0,251,0,3,1,0,47,38,0
730279,443,0,0,2,2,1,6,2,0,0,2,5,3,0,1,531,0,0,1,2,68,29,0
730275,46,0,0,0,1,2,14,0,0,0,3,1,1,0,0,151,0,0,1,0,25,28,0
730274,3076,0,0,0,1,12,4,2,0,0,1,2,4,0,1,303,0,0,1,0,46,73,0
730272,742,0,0,6,0,7,16,0,0,0,3,6,15,0,0,1268,0,2,6,7,150,62,0
730268,1,0,0,1,1,2,20,4,0,0,1,3,4,0,1,352,0,0,1,1,39,30,0
730267,9,0,0,0,1,3,0,0,0,0,1,1,4,0,0,263,1,2,1,0,46,21,0
730263,73,0,0,4,0,21,0,0,0,0,5,12,11,0,0,1442,0,1,5,12,241,103,0
730260,129,0,0,1,0,6,22,0,0,0,4,2,2,0,0,498,0,1,0,0,107,99,0
730258,2093,0,0,1,1,1,6,2,0,0,2,2,1,1,1,134,0,0,0,0,13,32,0
730257,1,0,0,0,3,0,20,0,0,0,2,4,5,1,0,606,0,1,0,0,105,43,0
730255,194,0,0,2,1,1,22,2,0,0,1,4,4,0,0,624,0,1,2,0,92,69,0
730254,16,0,0,3,2,4,0,0,0,0,1,6,12,0,2,749,0,1,2,10,117,55,0
730253,1,1,0,1,4,1,14,4,0,0,1,4,1,0,0,218,0,1,1,0,23,33,0
730251,320,0,0,1,2,6,30,8,0,1,2,3,5,1,1,1018,0,0,0,0,71,25,0
730249,863,0,0,0,0,4,8,0,0,0,2,2,1,0,0,264,0,2,0,5,45,63,0
730248,63,0,0,2,0,12,46,0,0,0,1,3,7,0,0,1468,0,3,1,7,246,42,0
730244,1170,0,0,1,0,4,32,8,0,0,4,2,13,0,0,1234,0,5,6,2,201,41,0
730242,41,0,0,1,1,12,24,0,0,0,4,2,5,0,0,501,0,0,0,0,57,33,0
730240,2099,0,0,6,4,6,16,0,0,0,1,8,22,0,0,1540,0,1,4,22,185,61,0
730235,4718,0,0,2,1,2,0,0,0,0,1,2,4,0,0,371,0,2,1,0,51,66,0
730233,203,1,0,4,0,1,0,0,0,0,1,7,5,0,0,739,0,4,5,5,74,57,0
730232,71,1,0,16,2,2,42,4,1,0,5,6,4,0,2,1407,0,4,3,4,182,53,0
730225,194,0,0,0,2,3,12,0,0,0,1,2,0,0,0,430,0,3,0,1,64,111,0
730220,14,1,0,1,3,1,14,0,0,0,2,1,4,0,0,474,0,1,1,0,43,79,0
730219,54,0,0,1,1,0,0,0,0,0,1,3,7,0,1,279,0,0,1,4,40,41,0
730214,14,0,0,0,0,6,0,0,1,0,1,2,3,1,1,316,0,2,2,2,62,30,0
730208,131,0,0,0,1,7,10,4,0,0,2,6,3,1,0,765,0,3,4,3,81,23,0
730207,186,0,0,1,2,0,16,2,0,0,1,5,3,0,0,529,0,2,1,1,76,96,0
730206,160,0,0,4,0,2,2,0,0,0,1,3,10,0,0,499,0,2,1,7,56,92,0
730205,482,0,0,1,0,3,16,4,0,0,2,8,3,0,1,767,0,2,2,0,114,65,0
730204,80,1,0,0,1,3,4,0,0,0,3,2,3,0,0,272,0,0,0,2,48,36,0
730202,555,1,0,2,0,1,14,4,0,0,2,3,9,1,1,488,0,3,1,0,47,51,0
730201,2401,0,0,1,2,1,14,6,0,0,1,3,0,1,1,416,0,0,0,1,16,89,0
730198,845,0,0,0,2,1,18,6,1,0,1,4,3,0,0,532,0,0,3,3,58,105,0
730197,121,0,0,0,2,0,12,0,0,0,1,3,1,0,0,283,0,1,3,1,58,64,0
730196,70,0,0,0,2,3,20,0,0,0,1,2,4,0,0,391,0,1,1,0,63,66,0
730195,752,0,0,2,0,11,32,0,0,0,3,9,7,0,0,806,0,2,3,0,113,43,0
730193,141,1,0,2,1,7,22,0,0,0,3,5,7,0,0,689,0,1,2,2,99,31,1
730192,50,0,0,4,1,3,20,0,0,0,1,5,3,0,0,822,0,0,0,0,142,64,0
730186,64,0,0,0,0,0,0,0,0,0,3,1,0,0,0,98,0,1,0,0,18,51,0
730183,25,0,0,1,2,0,0,0,0,0,1,2,7,1,0,193,0,0,1,4,24,39,0
730181,14,0,0,0,1,4,0,0,0,0,1,2,3,0,0,309,0,0,0,1,61,35,0
730175,205,0,0,4,1,0,30,0,1,0,3,3,9,0,1,693,0,1,0,0,114,31,0
730171,3,0,0,1,0,0,0,0,0,0,1,3,5,0,2,254,0,2,2,5,27,55,0
730168,205,0,0,5,1,2,38,0,1,0,2,6,12,0,1,1377,0,3,2,0,236,31,0
730165,1,0,0,0,1,6,0,0,0,0,2,1,2,0,0,195,0,0,0,0,39,138,0
730163,135,0,0,4,0,2,20,0,0,0,1,6,3,1,0,454,0,0,1,0,71,139,0
730162,14,0,0,0,1,3,2,0,0,0,1,2,1,0,0,165,0,0,1,0,19,26,0
730161,223,0,0,4,2,18,40,4,0,0,1,7,18,1,0,1017,0,0,2,1,150,48,0
730158,8,0,0,0,1,4,10,0,1,1,3,2,4,0,0,603,0,0,0,4,75,149,0
730157,88,0,0,7,2,7,36,6,0,0,1,8,4,0,0,1103,0,2,3,2,122,50,0
730155,41,0,0,3,2,16,60,14,0,0,2,10,6,1,1,1296,0,0,3,2,182,42,0
730152,3882,0,0,0,1,1,4,0,0,0,2,1,3,0,0,354,0,0,1,1,56,66,0
730149,2401,0,0,3,2,6,20,4,0,0,1,6,6,1,1,684,0,1,2,4,68,74,0
730148,632,0,0,1,1,14,24,2,0,0,3,4,3,0,1,572,0,1,0,0,74,49,0
730147,1,1,0,0,1,3,12,2,0,0,2,5,1,0,0,346,0,0,1,0,46,23,0
730139,1,0,0,1,1,7,28,0,0,1,2,3,5,0,1,640,0,1,1,7,72,35,0
730134,2355,0,0,0,1,9,30,0,0,0,4,2,9,0,0,825,0,2,1,1,132,57,0
730133,43,0,0,0,2,3,8,0,0,0,1,3,3,0,1,268,0,0,2,1,48,88,0
730132,537,0,0,1,1,18,44,0,0,0,4,7,18,0,0,912,0,0,0,1,121,29,0
730130,72,0,0,3,1,0,0,0,0,0,3,3,11,1,0,461,0,0,1,10,59,45,0
730125,443,0,0,0,2,3,10,0,0,0,3,4,3,0,1,679,0,1,4,2,119,57,1
730124,5675,0,0,0,0,1,8,2,0,0,2,2,14,0,0,454,0,1,2,1,67,27,1
730122,845,0,0,1,2,6,36,2,1,0,1,5,4,0,0,1074,0,1,5,14,136,157,0
730121,1109,0,0,2,1,9,18,2,0,0,1,4,5,0,1,590,0,1,1,1,88,36,0
730120,1,0,0,0,1,11,26,0,0,0,1,4,12,0,0,444,0,2,1,0,64,52,0
730119,35,1,0,1,0,5,10,0,0,0,3,4,9,0,1,526,0,0,1,5,71,28,0
730113,103,0,0,0,0,0,6,0,0,0,2,1,1,0,0,142,0,0,1,0,26,23,0
730103,242,1,0,0,0,1,4,2,0,0,1,3,0,0,0,102,0,0,2,0,11,35,0
730102,308,1,0,0,1,0,4,0,0,1,4,2,2,0,1,210,0,0,1,0,32,26,0
730100,11,0,0,0,0,10,0,0,0,0,2,3,5,0,0,639,0,2,4,1,117,58,0
730099,48,0,0,1,0,0,8,2,0,0,1,1,0,0,0,110,0,0,0,0,14,71,0
730096,47,0,0,1,2,4,52,6,0,0,5,10,10,0,0,1380,0,3,7,2,174,48,1
730094,11226,0,0,1,0,9,10,0,0,0,2,4,5,0,0,1137,0,1,1,16,156,84,0
730093,11,0,0,0,0,4,0,0,0,0,1,1,3,1,0,411,0,1,1,4,70,41,0
730092,111,0,0,1,4,6,0,0,0,0,1,3,5,1,0,883,0,1,2,6,146,55,0
730090,754,0,0,1,0,12,20,0,0,0,3,3,6,0,1,678,0,2,0,2,61,64,0
730088,1076,0,0,1,2,9,36,0,0,0,4,2,5,0,1,1026,0,5,0,0,159,41,0
730087,67,0,0,1,1,2,12,2,0,1,3,6,0,0,0,378,0,0,1,0,44,34,0
730086,922,0,0,4,2,8,48,0,0,0,3,5,11,0,1,1059,0,0,1,1,144,47,0
730077,6,0,0,0,1,1,2,0,0,0,2,1,3,0,0,346,0,2,2,5,54,70,0
730076,3,0,0,2,1,7,18,4,0,0,3,5,8,0,0,1019,0,2,1,6,149,56,0
730074,15,0,0,0,1,8,22,0,0,0,3,3,6,0,0,419,0,1,1,0,67,41,0
730071,546,0,0,7,3,6,43,0,0,0,5,19,40,0,0,2080,0,10,8,7,269,47,0
730067,180,0,0,1,0,2,0,0,0,0,1,1,4,0,0,162,0,1,2,5,17,47,0
730066,134,1,0,0,0,1,2,0,0,0,5,2,2,0,0,279,0,1,1,3,40,28,0
730065,363,0,0,2,1,4,8,0,0,0,2,4,9,0,0,402,0,2,1,8,42,45,1
730064,612,1,0,0,2,6,4,0,0,1,3,2,2,0,0,330,0,2,2,5,54,40,0
730051,19,0,0,0,0,1,0,0,0,0,1,1,2,0,0,320,0,2,2,0,53,78,0
730049,90,0,0,0,1,1,2,0,0,0,3,4,3,0,0,335,0,1,2,0,46,83,0
730046,123,0,0,4,1,6,22,0,0,0,1,4,1,0,0,514,0,3,0,1,53,34,0
730045,41,0,0,1,1,4,4,0,0,0,1,3,1,2,1,322,0,0,1,3,52,39,0
730044,55,0,0,3,1,3,12,0,0,0,1,3,8,1,1,584,0,0,2,1,94,29,0
730042,3,0,0,2,2,1,0,0,0,0,1,2,7,0,0,452,0,3,2,5,76,26,0
730041,33,0,0,1,1,5,18,0,0,0,3,1,0,0,0,304,0,1,3,0,47,48,0
730038,21,0,0,0,0,2,0,0,0,0,5,6,8,1,1,828,0,1,1,0,126,37,0
730037,922,0,0,0,2,2,20,0,0,0,2,3,4,0,1,281,0,1,1,0,49,89,0
730033,11,0,0,9,1,9,4,0,1,0,1,10,14,0,1,1438,0,1,1,1,216,150,0
730029,15,0,0,1,2,3,6,0,0,0,2,2,1,0,0,325,0,2,4,1,54,62,0
730023,832,0,0,0,0,0,20,0,0,0,2,1,4,1,0,315,0,1,0,0,49,39,0
730022,73,0,0,1,0,1,6,0,0,0,3,3,2,0,0,327,0,2,1,0,47,35,0
730018,11226,0,0,1,0,3,10,2,0,0,1,4,7,0,1,641,0,1,2,2,78,85,0
730017,911,0,0,0,1,5,0,0,0,0,1,1,7,0,1,907,0,1,5,5,155,47,0
730016,320,0,0,2,1,2,2,0,0,0,1,3,1,0,1,355,0,1,0,1,54,43,0
730013,62,0,0,0,0,0,0,0,0,0,2,1,2,0,0,262,0,1,0,0,43,25,0
730012,789,0,0,1,0,5,0,0,0,0,1,5,5,0,1,639,0,3,4,5,100,71,0
730011,1,0,0,4,0,2,12,0,0,0,1,3,3,0,0,312,0,2,0,0,44,58,0
730010,8121,0,0,1,0,3,12,0,0,0,1,2,3,0,0,659,0,2,1,2,93,52,0
730009,305,0,0,0,1,8,18,0,0,0,2,1,7,0,0,898,0,0,4,0,155,24,0
730008,41,0,0,1,2,3,8,0,1,0,5,5,11,0,0,637,0,1,0,4,93,88,0
730001,52,0,0,4,0,25,12,2,1,0,3,6,7,0,1,1081,0,2,3,0,162,29,0
729998,12,0,0,0,2,1,0,0,0,1,2,1,2,0,0,127,0,1,1,0,22,33,0
729997,532,0,0,1,0,36,56,0,0,0,2,9,15,0,0,2315,0,5,6,8,354,65,0
729994,88,0,0,2,0,6,0,0,0,0,3,4,12,0,0,1249,0,3,4,5,188,33,0
729993,305,0,0,0,4,1,18,0,0,0,1,1,5,0,0,501,0,0,2,1,93,18,0
729988,429,0,0,1,0,2,14,0,0,0,1,8,69,1,1,641,0,0,1,0,92,79,0
729980,163,0,0,4,3,13,50,10,0,0,3,13,7,0,0,1799,0,2,4,1,211,73,0
729975,36,0,0,0,0,5,14,0,0,0,2,1,2,0,0,309,0,1,0,0,53,24,0
729974,4979,0,0,1,0,9,36,6,0,0,4,3,15,1,0,1727,0,1,1,10,289,38,0
729969,1024,0,0,5,2,2,30,0,0,0,3,5,9,2,0,1294,0,1,5,5,180,67,0
729965,92,0,0,0,0,1,0,0,0,0,1,2,2,1,0,246,0,0,1,5,46,65,0
729963,19,0,0,0,0,1,0,0,0,0,1,1,2,0,0,150,0,1,0,0,19,50,0
729957,62,0,0,1,0,1,0,0,0,0,2,1,5,0,0,344,0,1,1,0,63,44,0
729955,11,0,0,0,3,12,10,0,0,0,3,3,3,0,0,531,0,0,1,0,77,30,1
729952,92,0,0,0,0,0,6,2,0,0,1,2,2,1,1,160,0,1,0,1,28,27,0
729951,15,0,0,0,1,2,6,0,0,0,2,1,2,0,0,195,0,1,2,1,31,36,0
729943,1,0,0,1,1,0,8,0,0,0,1,5,0,0,0,226,0,1,0,5,13,32,0
729939,37,0,0,0,1,1,0,0,0,0,2,1,2,0,0,404,0,1,1,3,68,78,0
729938,56,0,0,2,2,3,8,0,0,0,2,1,3,2,2,287,0,2,2,3,48,57,0
729935,303,0,0,1,2,11,20,0,0,0,1,4,10,0,0,904,0,2,6,6,132,42,0
729931,110,0,0,2,0,8,22,0,0,0,2,8,7,0,0,691,0,1,1,4,77,47,2
729930,19,0,0,0,0,2,4,0,0,0,1,2,2,0,0,246,0,2,1,0,39,26,0
729928,118,0,0,1,0,2,16,2,0,1,2,3,4,1,0,597,0,0,5,4,77,53,0
729925,584,0,0,1,1,7,2,0,0,0,1,4,5,0,0,591,0,0,1,4,74,45,0
729921,7635,0,0,2,2,4,18,4,0,0,1,3,7,0,0,590,0,0,1,2,81,41,0
729920,113,0,0,1,0,1,0,0,0,0,3,4,4,0,0,593,0,3,3,0,108,63,2
729919,16,1,0,0,1,1,8,0,0,0,1,2,1,1,0,182,0,1,2,1,34,27,0
729912,4,0,0,75,1,72,0,0,2,0,2,23,156,2,1,11690,0,0,4,82,2141,108,9
729911,19,0,0,0,1,2,18,0,0,0,1,2,3,0,0,330,0,2,4,2,46,34,0
729908,28,1,0,1,2,0,8,0,0,0,1,5,4,0,0,414,0,0,4,2,71,65,0
729906,449,0,0,1,3,9,40,4,0,0,1,4,6,0,0,764,0,2,4,0,100,65,0
729903,16,0,0,2,1,4,14,0,0,0,3,4,2,0,0,262,0,0,0,0,50,44,0
729897,495,0,0,0,1,0,4,2,0,0,2,3,2,0,0,174,0,0,0,0,21,59,0
729896,33,1,0,1,2,3,20,0,0,0,3,2,4,0,0,373,0,2,2,4,68,35,0
729895,8,0,0,1,2,5,8,4,0,0,4,3,9,0,1,864,0,2,1,0,97,39,0
729893,80,1,0,0,0,0,2,0,0,0,3,2,0,0,0,281,0,2,3,0,45,61,0
729887,454,0,0,2,5,43,50,8,0,0,5,11,4,0,0,1401,0,4,5,3,212,52,0
729884,1,0,0,0,1,0,2,0,0,0,1,4,1,1,0,285,0,0,1,0,34,36,0
729869,495,0,0,0,0,1,6,2,0,0,1,3,2,0,0,351,0,1,0,2,55,47,0
729866,354,0,0,0,1,11,28,4,0,0,1,3,18,0,0,608,0,1,1,0,63,62,0
729864,14,1,0,1,0,2,0,0,0,0,2,1,4,0,0,240,0,2,2,4,30,78,0
729862,8,0,0,0,0,2,14,2,0,0,2,4,1,0,0,340,0,2,1,0,44,34,0
729858,28,1,0,1,1,0,4,2,0,0,2,2,4,1,1,177,0,0,0,2,26,86,0
729854,18,0,0,0,0,2,14,0,0,0,2,4,4,0,0,540,0,4,3,1,89,29,0
729853,289,0,0,3,1,5,0,0,0,1,2,6,3,0,1,502,0,1,5,0,79,26,1
729850,1,0,0,0,0,4,24,4,0,0,1,5,3,0,1,551,0,0,2,2,55,49,0
729847,130,0,0,3,2,18,40,14,0,0,1,5,13,0,0,1182,0,1,7,2,175,47,0
729841,3,0,0,0,1,1,0,0,0,0,1,1,1,0,0,258,0,0,0,0,32,80,0
729838,98,1,0,5,3,8,0,0,0,0,2,2,23,1,1,983,0,0,0,21,138,38,0
729837,1,1,0,0,0,0,0,0,0,0,3,1,3,0,0,342,0,0,2,0,61,47,0
729833,157,0,0,0,1,0,0,0,0,0,1,4,0,1,1,255,0,1,3,1,41,50,0
729831,11,0,0,0,0,3,4,2,0,0,1,2,1,0,0,265,0,2,0,0,34,46,0
729826,5444,0,0,3,1,7,30,0,1,0,1,3,11,0,1,1074,0,0,1,10,177,29,0
729822,11226,0,0,2,0,3,18,0,0,0,3,2,4,0,0,372,0,1,1,0,62,60,0
729821,1,0,0,1,1,8,0,0,0,1,1,3,0,0,0,129,0,0,0,0,12,49,0
729811,98,1,0,1,1,2,0,0,0,0,2,2,4,0,0,264,0,1,2,4,40,34,0
729810,118,0,0,0,1,2,10,2,0,1,2,3,4,3,0,461,0,0,3,6,61,70,0
729809,334,0,0,0,1,7,36,0,0,0,3,4,12,1,0,851,0,0,0,0,137,89,0
729808,3,0,0,3,1,11,0,0,0,0,2,6,8,0,0,911,0,5,5,2,160,100,0
729806,11,0,0,2,1,5,44,0,1,0,2,5,9,0,0,1166,0,0,3,5,168,110,0
729804,629,0,0,2,3,39,68,0,2,1,4,10,22,0,0,1824,0,6,8,23,312,151,0
729800,98,1,0,3,1,0,0,0,0,0,2,3,10,0,0,432,0,0,0,8,64,35,0
729796,28,0,0,0,2,3,14,0,0,0,3,2,1,0,0,440,0,2,0,0,71,18,0
729794,157,0,0,0,0,3,0,0,0,0,1,5,3,1,1,429,0,2,2,1,79,26,0
729792,401,0,0,0,2,1,10,0,0,0,2,3,6,1,0,569,0,2,6,0,96,33,0
729789,50,0,0,2,0,5,14,4,0,0,2,2,3,0,1,668,0,1,1,0,131,16,0
729788,2,0,0,1,4,16,0,0,0,0,4,5,0,0,0,564,0,4,8,1,105,37,0
729783,628,0,0,1,1,14,22,0,0,0,3,5,8,0,0,1100,0,1,2,0,188,43,0
729772,726,0,0,1,1,0,4,0,0,0,3,6,6,1,0,697,0,1,1,3,99,39,0
729769,1,0,0,3,1,3,12,0,0,0,1,4,6,0,1,308,0,0,1,3,52,90,0
729764,29,0,0,1,1,1,0,0,0,0,1,1,1,0,0,211,0,0,1,4,37,32,0
729759,11,0,0,1,1,6,0,0,0,0,2,5,15,0,0,1429,0,0,3,2,236,32,0
729757,80,1,0,2,2,4,4,0,0,0,3,3,1,0,1,268,0,0,0,1,46,45,0
729755,18,0,0,1,1,18,38,0,0,0,1,3,8,0,0,818,0,2,1,0,139,45,0
729754,147,0,0,1,0,3,12,4,0,0,2,5,2,0,0,262,0,1,2,3,33,30,0
729753,6,1,0,0,3,1,22,2,0,0,4,5,4,0,1,718,0,2,5,2,116,49,0
729751,8,0,0,0,0,2,0,0,0,1,3,1,1,0,0,82,0,0,0,0,12,71,0
729747,6,0,0,1,0,10,0,0,0,0,5,3,6,1,0,557,0,0,1,1,94,20,1
729744,118,0,0,0,3,3,20,0,0,1,3,2,8,3,0,597,0,0,2,4,97,65,0
729734,31,0,0,0,0,4,8,0,0,0,3,2,1,0,1,435,0,1,1,2,70,110,0
729732,108,0,0,0,0,0,4,0,0,0,1,3,2,0,1,203,1,1,2,0,33,21,0
729731,339,0,0,0,1,6,12,0,0,0,1,2,4,0,1,342,0,0,0,3,59,28,0
729725,6,0,0,1,1,2,0,0,0,0,1,4,6,0,1,676,0,1,1,4,122,55,1
729724,23,0,0,2,5,1,27,6,0,0,1,9,9,0,0,1123,0,4,5,0,169,112,0
729720,46,0,0,3,3,5,20,2,0,1,3,5,8,0,0,698,0,1,7,1,125,33,3
729715,6,0,0,0,1,1,6,0,0,0,3,1,1,0,0,117,0,1,1,0,16,48,0
729714,32,0,0,2,1,2,0,0,0,0,2,2,5,0,1,379,0,2,1,0,71,27,0
729713,401,0,0,3,2,3,10,0,0,0,1,5,3,0,0,599,0,2,3,0,96,32,0
729712,38,0,0,0,1,1,12,0,0,0,2,2,0,0,0,266,0,0,3,0,41,42,0
729711,48,0,0,0,1,4,0,0,0,0,1,1,2,0,0,414,0,2,2,1,78,73,0
729708,13,0,0,1,1,4,10,2,1,0,2,1,4,1,0,472,0,0,1,1,60,36,0
729706,1,0,0,1,1,0,4,0,0,0,2,4,1,0,0,257,0,2,3,3,33,70,0
729705,395,0,0,0,0,2,8,0,0,0,2,7,1,0,0,545,0,1,0,2,63,32,0
729704,65,1,0,0,2,2,14,4,0,0,4,3,7,1,1,683,0,1,1,2,140,73,0
729703,702,0,0,2,1,5,12,4,0,0,1,3,5,0,0,634,0,0,1,4,99,40,0
729702,92,0,0,0,0,5,12,0,0,0,1,5,4,0,0,390,0,2,1,1,61,35,0
729700,3,1,0,0,3,7,32,0,0,0,2,3,4,0,0,961,0,0,1,3,166,148,0
729694,123,0,0,1,0,3,12,0,0,0,2,3,0,0,0,287,0,1,1,1,41,51,0
729691,6,0,0,1,0,2,0,0,0,0,1,3,6,1,1,338,0,1,0,5,43,33,0
729690,2578,0,0,4,4,12,22,2,0,0,3,4,12,0,0,1294,0,0,2,8,215,76,0
729689,303,1,0,0,0,0,6,0,1,0,1,1,2,0,0,261,0,0,2,1,36,72,0
729688,11,0,0,0,1,13,18,0,0,0,4,3,7,2,1,840,0,1,4,4,149,90,0
729684,250,0,0,1,1,2,8,0,0,0,1,5,5,0,0,700,0,1,4,3,113,56,0
729681,65,0,0,0,0,8,12,0,0,0,1,1,3,0,0,371,0,1,1,0,53,58,0
729680,118,0,0,0,0,2,2,0,0,0,1,2,3,0,1,309,0,2,2,3,48,43,0
729678,3,0,0,4,0,0,16,0,0,0,1,9,6,0,0,816,0,2,2,1,120,76,0
729669,3891,0,0,0,1,2,8,2,0,0,1,4,1,0,1,239,0,1,0,1,29,52,0
729659,130,0,0,0,1,2,8,0,0,0,2,2,6,1,0,431,0,1,2,2,70,39,0
729658,11,1,0,2,1,4,16,2,0,0,1,5,0,0,0,428,0,1,1,2,50,97,0
729655,27,0,0,0,0,1,4,2,1,1,3,4,2,1,0,307,0,1,1,0,25,18,0
729652,3,1,0,2,1,9,0,0,0,0,3,7,18,0,0,1552,0,1,4,9,220,65,0
729651,111,0,0,0,0,3,4,0,0,0,3,1,3,1,0,232,0,0,1,0,42,29,0
729649,163,0,0,2,3,0,8,4,0,0,1,7,1,0,0,447,0,2,2,1,48,59,0
729648,6,0,0,3,1,0,6,0,0,0,2,3,6,1,0,746,0,2,1,2,88,52,0
729647,173,0,0,0,1,6,10,2,1,1,3,3,9,0,1,435,0,1,2,0,58,48,0
729645,6,1,0,0,0,0,0,0,0,0,1,1,3,0,0,333,0,0,2,0,58,40,0
729641,346,0,0,0,0,0,16,0,0,0,2,2,3,0,0,295,0,2,2,0,53,38,0
729638,1,0,0,0,0,15,30,6,0,0,1,8,7,0,1,1076,0,1,2,0,162,101,1
729634,113,0,0,0,0,1,4,0,0,0,1,1,0,0,0,120,0,1,0,1,20,42,0
729630,32,0,0,0,2,6,0,0,0,0,2,3,12,1,1,703,0,1,2,0,113,44,0
729628,171,1,0,0,2,3,10,0,0,0,2,3,2,0,0,365,0,0,4,1,47,68,0
729627,11,1,0,1,1,0,8,0,0,0,1,4,1,0,0,273,0,3,0,2,32,59,1
729625,6,0,0,1,0,15,28,2,0,0,3,2,5,0,0,764,0,2,5,4,124,30,0
729622,108,1,0,0,1,1,4,2,0,1,2,3,1,0,0,216,0,1,2,0,30,37,0
729620,1841,0,0,0,0,10,30,4,0,0,3,1,5,0,0,874,0,2,0,0,76,64,0
729618,18,0,0,1,0,5,0,0,0,0,3,4,2,0,0,546,0,3,2,3,98,35,0
729617,451,0,0,1,3,3,14,0,0,0,3,4,0,0,0,370,0,1,1,0,50,71,0
729612,25,0,0,0,1,4,0,0,0,1,2,2,10,2,2,756,0,0,1,4,127,153,0
729611,1435,0,0,1,0,5,16,0,0,0,3,2,2,0,0,530,0,3,1,0,94,67,0
729609,5,0,0,0,1,2,6,0,1,0,2,3,4,0,1,378,1,1,2,4,60,93,0
729607,173,0,0,2,1,11,28,0,0,0,2,9,1,1,2,817,0,1,3,1,118,85,0
729604,3646,0,0,4,2,13,64,12,0,0,1,13,25,0,0,1717,0,3,3,2,212,32,0
729602,1,0,0,2,0,6,0,0,0,1,2,2,4,1,0,732,0,1,2,1,129,52,0
729597,109,0,0,0,2,2,10,0,0,0,3,4,4,0,0,282,0,0,2,2,45,40,0
729591,130,0,0,1,1,9,20,2,0,0,2,5,3,0,0,480,0,2,0,0,71,95,0
729587,230,0,0,0,2,2,0,0,0,0,1,1,1,0,0,118,0,0,1,1,18,71,0
729583,16,0,0,1,0,3,0,0,0,0,1,1,2,0,0,427,0,2,2,5,67,37,0
729581,43,0,0,0,2,0,6,0,0,0,3,1,0,0,0,127,0,2,2,0,23,30,0
729580,30,0,0,2,1,2,12,0,0,0,2,2,1,1,0,256,0,1,1,0,29,41,0
729572,471,1,0,0,1,10,12,0,0,0,4,1,12,0,0,701,0,0,2,3,111,44,0
729568,71,0,0,0,0,1,10,0,0,0,2,3,4,0,0,434,0,1,1,0,66,66,0
729565,2,0,0,1,0,21,6,0,0,0,1,3,1,0,0,263,0,1,1,1,45,41,0
729563,922,0,0,6,1,13,76,0,0,0,2,4,15,1,2,1860,0,2,2,1,273,36,0
729562,34,0,0,8,3,3,24,6,0,0,3,12,14,1,2,1788,0,1,4,11,228,67,0
729554,108,1,0,0,1,1,4,2,0,1,2,3,2,0,1,288,0,2,2,0,40,36,1
729551,3420,0,0,1,0,9,6,0,0,0,1,3,4,0,0,843,0,1,2,4,121,43,0
729549,898,0,0,3,2,5,28,0,0,1,2,3,8,0,1,618,0,1,4,1,91,32,0
729548,19,0,0,0,0,18,0,0,0,0,1,4,8,0,0,543,0,2,1,0,101,74,0
729542,401,0,0,1,3,2,2,0,0,0,1,2,4,0,0,552,0,1,1,2,96,34,0
729538,151,0,0,6,0,30,110,0,0,0,2,8,24,0,0,3128,0,1,4,7,526,127,0
729534,981,1,0,2,1,2,16,2,0,0,4,5,3,0,0,651,0,1,2,3,98,140,0
729531,51,1,0,2,1,10,38,0,0,0,3,6,6,0,0,1175,0,1,5,1,158,59,0
729530,51,1,0,2,4,2,12,0,0,0,3,6,4,1,1,631,0,3,2,3,103,53,0
729529,57,0,0,0,1,21,34,0,0,1,2,5,16,0,0,1453,0,1,4,10,249,45,0
729525,102,0,0,9,0,7,36,4,0,0,4,7,10,0,0,1197,0,1,1,12,152,105,0
729524,1977,0,0,2,1,1,10,0,0,0,1,2,9,0,0,462,0,0,0,5,47,89,0
729521,2601,0,0,2,0,7,54,4,0,0,3,4,9,0,0,1102,0,2,7,2,173,35,0
729519,130,0,0,0,2,0,4,2,0,0,1,1,3,0,0,337,0,2,1,0,53,78,0
729517,158,0,0,0,0,3,8,0,0,0,2,3,4,0,1,285,0,1,2,0,43,55,0
729514,610,0,0,0,1,1,0,0,0,0,4,1,1,0,0,268,0,2,3,0,47,45,0
729512,1,0,0,0,0,0,0,0,0,0,4,1,0,0,0,102,0,1,0,0,15,30,0
729511,123,0,0,1,1,8,24,0,0,0,3,9,0,0,0,531,0,2,0,0,88,38,0
729510,660,1,0,1,0,8,10,4,0,0,5,7,14,0,0,1330,0,4,2,6,236,73,0
729508,8,0,0,2,0,6,0,0,0,0,1,3,6,0,1,1099,0,1,3,2,177,73,0
729505,81,1,0,5,3,1,8,4,0,0,1,7,4,0,1,658,0,0,2,2,74,32,1
729504,149,0,0,2,0,9,4,0,0,0,2,6,10,0,0,787,0,1,2,6,79,75,0
729500,11,0,0,3,2,6,28,6,0,0,2,10,9,0,1,744,0,0,3,0,104,37,0
729496,1,0,0,1,2,0,12,0,0,0,1,1,0,0,0,219,0,1,2,0,39,25,0
729490,16,0,0,2,1,2,4,0,0,0,3,6,4,1,0,371,0,4,2,2,51,21,0
729483,8,0,0,0,0,2,0,0,0,1,3,3,7,0,2,368,0,0,2,3,65,62,0
729482,4011,0,0,0,0,10,24,2,0,0,3,3,8,0,0,848,0,0,1,2,132,106,0
729481,337,0,0,1,0,2,14,0,0,0,2,3,2,0,0,400,0,1,0,2,64,44,0
729475,34338,0,0,6,0,43,136,26,0,0,5,5,26,0,0,3119,0,1,3,3,639,68,0
729468,11,0,0,2,0,4,8,0,0,1,3,1,5,1,0,553,0,2,1,1,85,37,0
729467,2391,0,0,4,4,20,114,0,0,0,3,9,21,0,0,2502,0,1,3,6,367,94,0
729464,6,0,0,0,0,1,0,0,0,0,1,1,0,0,0,213,0,2,0,0,30,30,0
729463,8,0,0,1,0,1,6,2,0,0,1,3,0,0,0,228,0,1,1,1,41,33,0
729462,158,0,0,1,0,2,10,0,1,1,2,2,8,0,0,572,0,2,2,5,101,42,0
729458,1,1,0,2,0,0,8,4,0,0,2,5,0,0,0,436,0,2,3,0,49,53,0
729457,3,0,0,3,6,12,0,0,0,0,1,9,20,1,2,1909,0,1,6,5,336,48,0
729454,561,0,0,1,1,8,18,0,0,0,1,3,12,0,0,383,0,1,1,0,53,35,0
729453,16,0,0,12,1,22,4,2,0,1,3,4,15,0,0,1730,0,0,1,18,339,16,1
729452,1,0,0,4,0,2,28,0,0,0,3,4,6,0,1,588,0,1,0,0,74,86,0
729456,150,0,0,0,0,2,0,0,0,0,1,2,4,1,0,267,1,1,2,1,49,40,0
729450,6,0,0,0,1,18,14,0,0,0,1,2,5,1,0,376,0,0,1,1,68,71,0
729449,308,1,0,0,1,2,14,2,0,1,4,2,3,1,0,276,0,0,2,2,41,38,0
729448,130,0,0,0,2,3,6,0,0,0,1,1,3,0,0,367,0,1,2,0,65,89,0
729446,300,0,0,2,2,12,36,0,0,0,3,7,7,0,0,1054,0,1,1,2,132,99,0
729444,485,0,0,0,0,14,20,0,0,0,1,2,4,0,0,422,0,1,2,2,62,19,0
729441,18,0,0,3,2,1,26,0,0,0,1,5,5,1,0,631,0,1,4,0,103,32,0
729440,23,0,0,1,0,0,0,0,0,0,1,2,7,0,1,321,0,0,0,7,43,30,0
729439,6,0,0,0,1,7,10,0,0,0,1,1,4,1,1,424,0,0,0,0,71,25,0
729436,360,0,0,2,1,2,4,0,0,0,2,3,2,0,0,462,0,2,2,1,71,53,0
729434,13,0,0,0,1,1,12,0,0,1,2,5,3,0,1,320,0,1,0,2,40,51,0
729433,6,0,0,0,0,0,18,0,0,0,1,4,3,0,0,184,0,1,1,2,26,33,0
729432,47,0,0,0,0,3,42,0,0,0,3,13,11,1,0,1234,0,1,3,1,183,26,2
729423,106,0,0,1,1,0,2,0,0,0,1,2,8,0,0,178,0,0,0,4,17,38,0
729418,1,0,0,0,1,1,0,0,0,0,1,1,4,0,0,416,0,2,2,0,80,58,0
729415,845,1,0,0,5,3,26,0,0,0,1,3,3,0,0,462,0,2,3,7,77,131,0
729413,134,1,0,1,1,0,2,0,0,1,3,1,0,0,0,246,0,0,0,0,25,63,0
729412,82,0,0,0,1,3,14,0,0,0,2,1,2,0,0,327,0,1,0,1,49,96,0
729402,121,1,0,0,2,0,10,0,0,0,2,2,2,0,1,313,0,1,2,0,49,62,0
729401,114,1,0,0,0,5,18,0,0,1,3,2,6,0,0,667,0,1,0,3,92,36,0
729399,47,0,0,0,3,2,0,0,0,0,3,3,0,0,0,193,0,0,5,0,35,49,0
729396,19,0,0,0,0,8,0,0,0,0,1,1,3,0,0,200,0,1,0,0,36,92,0
729395,5,0,0,0,0,1,0,0,0,0,1,2,1,0,2,234,0,1,1,2,38,73,0
729389,6,0,0,2,0,27,18,0,0,0,1,4,1,0,0,504,0,1,2,1,100,32,0
729388,5,0,0,0,0,1,0,0,0,0,1,3,2,0,0,285,0,1,0,0,48,22,0
729387,107,0,0,12,1,18,16,0,0,0,3,11,23,1,0,2128,0,1,4,10,306,52,0
729385,1,0,0,1,1,10,0,0,0,0,2,3,9,0,0,1188,0,1,3,4,192,42,0
729384,106,0,0,0,0,0,2,0,0,0,1,3,11,0,1,238,0,1,1,1,29,30,1
729380,162,0,0,1,0,10,30,0,0,0,2,11,18,0,1,923,0,1,5,18,138,69,0
729373,1214,0,0,0,0,7,12,0,0,0,2,3,9,0,0,892,0,1,4,5,142,27,0
729372,1,0,0,1,2,3,0,0,0,0,2,4,0,0,0,565,0,1,2,0,49,64,0
729371,43,0,0,0,2,2,10,0,0,0,2,1,2,0,0,241,0,1,4,1,44,25,0
729357,32,0,0,0,0,0,0,0,0,0,1,2,5,0,0,445,0,1,0,0,64,57,0
729352,115,0,0,0,3,2,12,0,0,0,2,3,3,1,0,392,0,1,1,0,69,56,0
729350,81,1,0,3,1,3,8,4,0,0,1,8,3,0,1,557,0,1,2,1,79,26,0
729341,919,0,0,0,1,18,26,4,0,0,1,4,20,1,0,764,0,2,3,3,109,33,0
729337,49,0,0,0,0,2,4,2,0,0,2,2,3,1,0,271,1,0,2,3,44,33,0
729336,379,0,0,0,4,6,22,0,0,0,4,7,3,1,0,757,0,0,7,3,144,20,0
729334,40,0,0,0,0,0,0,0,0,0,2,1,0,0,0,92,0,1,0,0,14,33,0
729332,379,0,0,0,0,0,10,0,0,0,5,4,1,0,0,345,0,1,0,0,61,19,0
729331,120,0,0,2,2,15,34,0,0,0,5,8,19,1,2,2191,0,4,7,7,345,136,0
729329,487,0,0,1,0,4,4,0,0,0,2,3,2,0,0,395,0,5,2,0,73,126,0
729327,6,0,0,0,0,3,8,0,0,0,2,1,4,1,0,146,0,1,0,0,20,77,0
729321,482,0,0,4,1,2,26,10,0,1,3,16,6,3,0,963,0,0,3,2,134,36,1
729320,1,0,0,4,0,2,8,4,0,0,2,3,3,0,3,413,0,1,0,0,52,55,2
729315,5450,0,0,2,1,11,14,4,0,0,2,7,8,0,0,818,0,1,3,8,95,88,0
729314,170,0,0,1,1,6,26,2,0,0,2,5,6,0,0,377,0,0,2,4,41,64,0
729312,2224,0,0,1,3,8,40,0,0,0,1,3,7,0,0,1121,0,1,5,3,182,36,0
729310,6,0,0,3,2,19,0,0,0,0,1,9,8,0,0,1360,0,1,2,4,227,43,0
729308,96,0,0,1,1,4,10,0,0,1,3,5,4,0,1,428,0,2,0,0,59,60,0
729307,71,0,0,0,2,6,0,0,0,0,2,4,10,0,0,956,0,2,1,2,171,42,0
729306,550,1,0,4,2,3,22,4,0,0,2,6,10,1,0,862,0,0,1,6,96,145,0
729295,95,0,0,1,0,6,26,0,0,0,2,5,2,1,1,748,0,3,2,8,106,56,0
729294,25,0,0,0,1,3,10,0,0,0,1,3,2,0,0,381,0,2,1,0,70,31,0
729293,18,1,0,0,1,0,0,0,0,0,1,1,5,0,0,387,0,1,0,0,69,34,0
729287,932,0,0,1,2,13,22,4,0,0,1,6,5,0,0,814,0,2,2,0,97,59,0
729285,969,0,0,1,1,1,12,2,0,0,2,1,2,0,0,196,0,0,0,0,21,19,0
729284,44,1,0,0,0,1,6,0,0,0,3,3,1,1,1,294,0,1,1,4,25,46,0
729276,758,0,0,1,0,7,40,14,1,0,2,9,9,0,1,1160,0,0,1,9,132,42,1
729275,99,0,0,0,0,3,14,0,0,0,4,3,3,0,0,651,0,2,2,0,106,21,0
729274,46,1,0,0,1,5,4,2,0,0,4,3,2,0,1,429,0,0,2,0,66,54,0
729273,3,0,0,0,0,3,8,2,1,0,1,1,5,0,0,558,1,0,4,0,77,36,0
729272,537,0,0,0,0,1,8,0,0,0,3,3,3,0,0,244,0,2,0,1,33,47,0
729271,6,0,0,0,2,5,10,0,1,0,1,2,3,1,2,631,0,0,1,1,69,20,1
729266,404,0,0,0,0,6,10,2,1,0,3,1,3,1,0,479,0,0,2,2,87,40,0
729263,98,0,0,0,1,2,4,0,0,0,2,2,2,1,1,382,0,1,0,1,54,71,0
729258,263,1,0,1,2,0,16,2,1,0,3,2,3,0,0,859,0,0,3,2,111,36,0
729257,123,0,0,4,0,17,26,4,0,0,2,5,18,0,0,1239,0,0,0,3,173,48,0
729255,1,0,0,2,1,4,12,0,0,0,1,4,2,0,0,353,1,0,3,2,57,31,0
729253,104,0,0,0,1,5,0,0,0,0,2,5,6,0,1,666,0,0,0,1,93,53,0
729252,981,1,0,0,1,2,4,0,0,0,3,4,4,1,0,439,0,0,2,2,68,40,0
729250,96,1,0,1,0,5,14,2,0,0,1,5,3,0,0,938,0,7,2,3,155,31,0
729249,5581,0,0,3,0,15,54,0,0,0,3,6,8,0,0,1631,0,1,4,6,233,132,0
729244,135,0,0,2,0,0,0,0,0,0,2,2,2,0,1,136,1,0,0,0,28,119,0
729242,173,0,0,1,2,0,10,0,0,0,2,7,7,2,2,551,0,3,2,0,88,82,2
729241,96,0,0,0,0,0,8,0,0,0,2,1,1,0,0,228,0,1,0,0,36,60,0
729240,114,1,0,1,2,13,20,0,0,1,3,5,2,0,0,872,0,5,3,2,108,50,0
729238,3,1,0,0,1,3,6,0,0,0,2,1,1,0,0,158,0,0,0,0,25,26,0
729227,134,1,0,0,2,3,12,0,0,0,2,1,1,0,0,422,0,1,2,3,51,68,0
730976,1,0,1,0,0,0,0,0,0,0,1,1,0,0,0,97,0,1,0,0,13,78,0
730123,124,0,1,0,0,0,2,0,0,0,1,2,2,0,0,177,0,0,0,0,14,24,0
730108,73,0,1,0,1,1,6,0,0,0,3,1,1,0,0,144,0,0,1,0,24,50,0
730089,62,0,1,1,1,2,8,0,0,0,4,1,1,0,0,174,0,1,1,0,23,22,0
729697,119,1,1,0,0,1,0,0,0,0,2,1,0,1,0,119,0,1,1,0,20,39,0
728952,12,0,1,0,1,1,0,0,0,0,1,1,0,0,0,135,0,1,0,0,23,58,0
727725,8,0,1,0,0,2,0,0,0,0,1,1,2,0,0,124,0,1,1,0,24,35,0
726935,3,0,1,1,1,3,0,0,0,0,2,2,2,0,0,390,0,0,2,2,78,25,1
726748,1,1,1,0,1,0,8,4,0,0,2,2,1,0,1,127,0,0,0,0,9,32,0
726719,42,0,1,0,0,3,0,0,0,0,1,1,2,0,0,223,0,0,2,0,43,16,0
726583,6,0,1,1,1,4,0,0,0,0,1,4,0,0,1,224,1,2,2,0,22,32,0
726363,106,0,1,1,0,1,4,0,0,0,1,2,0,1,0,269,0,0,1,0,37,55,1
726254,70,0,1,0,1,0,6,2,0,0,1,1,0,0,0,123,0,0,1,0,14,34,0
725944,62,0,1,0,0,4,4,2,0,0,1,2,1,1,1,135,0,0,0,2,15,16,0
725607,12,0,1,0,0,0,4,2,0,0,3,2,0,0,0,126,0,1,0,0,10,50,0
725053,13,0,1,1,1,0,6,2,0,0,2,1,0,0,0,118,0,0,0,0,14,54,0
724224,16,0,1,0,1,2,4,0,0,0,4,3,0,1,1,207,0,2,3,1,28,50,0
724069,308,0,1,0,1,0,4,2,0,0,2,1,0,1,0,94,0,1,0,0,9,44,0
723323,43,0,1,0,0,0,8,4,0,0,3,1,0,0,0,155,0,0,1,0,7,23,0
723154,5,0,1,0,1,1,0,0,0,0,2,1,2,0,0,277,0,1,1,2,50,40,0
722937,15,0,1,0,0,0,8,2,0,0,1,1,0,1,0,183,1,1,1,0,23,99,0
722925,45,0,1,0,1,18,28,0,0,1,2,4,2,1,1,633,0,4,2,2,126,34,0
722023,22,0,1,0,1,0,0,0,0,1,3,1,1,1,0,131,0,0,1,0,20,36,0
721800,25,1,1,0,2,0,2,0,0,0,3,1,1,0,0,81,0,0,1,0,13,67,0
721749,44,1,1,0,0,0,2,0,0,0,2,2,0,0,0,133,0,0,0,0,13,79,0
721242,2,0,1,0,3,1,0,0,0,0,3,4,7,0,0,483,0,0,1,0,73,21,0
721007,26,0,1,0,0,2,8,0,0,0,1,1,1,0,0,124,0,1,1,0,21,33,0
720807,8,0,1,0,1,0,0,0,0,0,2,1,1,0,2,401,0,3,3,0,55,44,0
720770,11,0,1,0,1,0,6,2,0,0,2,1,1,0,0,122,0,1,1,0,20,26,0
720441,8,0,1,0,0,1,0,0,0,0,1,1,3,0,0,91,0,1,1,1,17,79,0
719819,6,1,1,1,1,0,4,2,0,0,2,1,0,0,0,89,0,0,1,0,12,61,1
719564,14,0,1,0,1,1,8,2,0,0,1,2,1,0,0,165,0,1,1,1,30,24,0
719237,3,0,1,0,0,5,0,0,0,0,1,3,3,0,0,280,0,1,1,0,52,40,0
719110,307,0,1,2,0,9,14,4,0,0,1,6,0,0,0,363,0,2,2,0,47,131,0
719004,61,0,1,0,1,1,4,0,0,0,1,1,0,0,0,79,0,0,1,2,13,78,0
718741,3,0,1,1,1,5,14,4,0,1,3,5,2,0,0,305,0,0,1,0,28,22,0
718740,4,0,1,0,0,0,4,0,0,0,1,2,0,1,1,167,0,1,2,0,25,107,0
718596,2,0,1,1,1,1,4,0,0,0,1,2,1,0,0,130,0,0,1,0,28,62,0
718259,6,0,1,0,1,5,8,0,0,0,2,1,3,0,0,196,0,0,0,0,36,45,0
717051,854,0,1,1,1,1,4,2,0,1,2,1,0,0,0,86,0,0,0,0,3,76,0
717049,89,1,1,0,0,2,2,0,0,0,1,1,0,0,0,93,0,1,1,0,7,42,0
716964,18,0,1,0,0,0,0,0,0,0,3,1,2,0,1,155,0,1,0,0,26,55,0
716160,4,0,1,1,0,0,4,2,0,0,1,1,0,0,0,48,0,0,0,0,2,62,0
716115,32,0,1,4,1,0,42,0,0,0,1,16,5,0,0,565,0,0,0,4,46,34,0
716110,361,0,1,0,0,0,12,0,0,0,2,1,2,0,1,305,0,1,0,0,26,55,0
716009,12,0,1,1,1,0,4,2,0,0,1,4,3,0,1,188,0,0,0,0,11,133,0
716007,40,0,1,2,0,1,12,0,0,0,1,4,1,0,0,195,0,1,0,0,27,36,0
715875,11,0,1,0,0,5,0,0,0,0,1,1,5,0,0,208,0,1,1,0,37,56,0
715850,62,0,1,0,2,2,4,0,0,0,1,3,3,0,0,171,0,0,0,0,23,41,0
715782,62,0,1,0,1,0,2,0,0,0,1,1,0,0,0,125,0,2,0,0,25,58,0
715769,21,0,1,0,2,4,6,0,0,0,2,1,2,0,0,185,0,0,2,0,25,55,0
715353,1,1,1,0,0,2,2,0,0,1,4,1,0,1,1,89,0,0,0,0,6,58,0
714998,4,0,1,0,1,0,2,0,0,0,1,2,0,2,1,112,0,0,0,1,13,44,0
714785,1,0,1,0,0,1,0,0,0,0,1,1,1,0,0,221,0,1,1,0,42,22,0
714760,1,0,1,0,0,9,0,0,0,0,1,1,2,0,0,206,0,0,1,0,45,22,0
713745,1,0,1,0,0,0,4,0,0,0,1,1,1,0,0,106,0,0,0,0,16,60,0
713660,270,0,1,1,0,0,4,2,0,1,3,2,0,0,0,129,0,1,0,0,15,99,0
713312,115,0,1,0,2,1,0,0,0,0,1,2,1,1,0,98,0,0,0,0,17,70,0
713269,2,0,1,3,1,0,6,2,0,0,3,4,4,0,0,216,0,0,1,4,10,45,0
712902,1,0,1,0,1,0,4,0,0,0,2,2,0,0,0,165,0,0,1,0,16,43,0
712697,25,0,1,0,0,0,4,2,0,1,3,2,0,0,0,88,0,1,1,0,7,56,0
712412,17,0,1,0,1,1,0,0,0,1,2,3,3,0,0,229,1,0,1,0,39,37,0
712248,5,0,1,1,1,5,22,0,0,0,1,1,4,0,0,197,0,0,0,0,29,72,0
711969,13,0,1,0,1,0,6,0,0,0,2,1,0,0,0,92,0,0,0,0,12,57,0
711389,55,0,1,2,4,2,20,0,0,0,3,6,3,1,1,747,0,2,2,2,128,44,0
710740,17,0,1,1,1,0,6,2,0,0,2,2,0,0,1,136,1,1,1,0,13,49,0
710717,1,0,1,1,0,0,0,0,0,0,1,2,5,1,0,181,0,1,1,4,21,51,0
710338,8,0,1,1,0,0,0,0,0,0,2,1,0,0,0,45,0,0,0,1,8,63,0
710335,98,1,1,0,0,11,8,4,0,0,2,1,0,0,0,146,0,0,1,0,17,15,0
710225,8,0,1,1,0,3,2,0,0,1,2,3,2,1,0,207,0,0,0,0,25,77,0
709948,17,0,1,0,1,3,0,0,0,1,1,6,6,0,1,423,0,0,3,0,67,47,0
709820,35,0,1,1,1,0,4,2,0,1,1,1,0,0,0,129,0,0,0,0,15,30,0
709757,506,0,1,0,1,2,12,0,0,0,1,1,1,0,0,121,0,0,1,0,15,23,0
708485,16,0,1,0,0,0,4,2,0,0,3,1,2,0,0,109,0,0,1,1,16,68,0
708483,797,0,1,1,1,3,8,2,0,0,2,2,1,0,0,239,0,1,1,0,37,69,0
708311,1210,0,1,0,1,3,10,0,0,0,1,1,2,0,0,159,0,0,0,0,15,115,0
707965,67,0,1,0,0,1,0,0,0,1,5,3,1,0,0,339,0,2,2,0,56,65,0
707916,70,0,1,1,1,2,0,0,0,1,3,2,2,0,0,242,0,0,0,0,39,64,0
707398,1,0,1,0,1,2,6,0,0,0,2,1,3,0,0,116,0,0,1,0,15,70,0
707032,73,0,1,1,0,5,10,0,0,0,1,4,8,0,1,469,0,2,1,4,61,77,0
706894,303,1,1,0,0,1,4,0,0,0,1,2,1,0,0,143,0,0,0,2,25,27,0
706549,23,0,1,2,0,0,0,0,0,0,2,3,5,0,0,428,0,1,1,0,70,39,0
706473,3,1,1,0,0,6,10,0,0,0,1,1,1,0,0,143,0,1,1,0,18,85,0
706303,3,0,1,0,0,3,12,2,0,0,2,3,2,0,0,227,0,0,1,0,25,90,0
706056,43,0,1,0,1,1,8,0,0,0,1,2,4,0,0,316,1,0,1,0,56,43,0
705531,307,0,1,0,0,3,8,0,0,0,3,2,1,1,1,358,0,0,0,1,48,31,0
705414,3,0,1,1,0,0,0,0,0,1,1,2,5,0,0,207,0,0,0,4,22,20,0
705392,797,0,1,0,1,1,6,0,0,0,1,1,1,0,0,143,0,1,1,0,21,62,0
705357,6,0,1,0,0,0,0,0,0,0,2,1,0,0,0,61,0,0,0,0,7,25,0
705257,12,0,1,0,0,1,4,0,0,0,1,1,3,0,0,119,0,0,0,0,20,78,0
705081,6,0,1,0,1,2,8,0,0,0,1,1,1,0,0,132,0,0,1,0,19,23,0
704916,46,0,1,1,0,6,0,0,0,1,3,2,9,0,0,837,0,2,2,0,156,64,0
704213,10,1,1,0,0,0,4,2,0,0,2,1,0,0,0,52,0,0,1,0,3,37,0
703900,131,0,1,1,1,3,8,2,0,0,1,1,0,0,0,188,0,0,0,0,11,25,0
703678,16,0,1,0,1,0,6,0,0,0,1,1,2,0,0,96,0,0,0,3,6,103,0
703651,1,0,1,0,0,1,0,0,0,0,1,1,1,0,0,82,0,0,0,0,12,61,0
703577,4,1,1,0,2,5,16,0,0,0,3,6,5,0,0,725,0,1,3,3,115,40,4
703523,4,1,1,0,1,3,10,0,0,0,2,0,1,0,0,183,0,1,0,0,22,36,0
703113,12,0,1,0,1,2,2,0,0,0,1,1,0,0,0,72,0,1,1,0,9,40,0
703012,54,0,1,0,1,2,6,0,0,0,1,1,2,0,0,225,0,0,0,0,32,78,0
702732,1,0,1,0,0,1,0,0,0,0,1,1,0,0,0,95,0,1,1,0,15,91,0
702259,33,0,1,0,1,0,0,0,0,0,1,1,1,1,1,116,0,0,0,1,18,55,0
701182,1,0,1,2,0,0,0,0,0,0,1,2,0,2,1,64,0,0,0,1,8,54,0
701066,20,0,1,0,0,3,6,0,0,0,1,2,1,0,0,120,0,1,0,0,12,73,0
700861,3,1,1,0,1,0,0,0,0,0,1,1,0,0,1,103,0,0,1,2,13,46,0
700632,7,0,1,0,0,0,0,0,0,0,1,2,0,0,0,116,0,0,0,0,9,32,0
700517,2,0,1,0,0,0,0,0,0,0,3,1,5,0,0,290,0,0,0,0,52,19,0
700388,3,0,1,0,1,0,2,0,0,1,2,1,1,0,0,108,0,0,1,0,19,42,0
700246,80,0,1,0,0,0,2,0,0,1,2,1,2,0,0,125,0,1,0,0,11,73,0
700175,1,0,1,0,0,1,20,2,0,0,1,5,1,0,0,203,1,0,1,0,18,18,0
700073,121,0,1,0,0,0,56,6,0,1,3,9,6,0,0,695,0,1,0,0,105,31,0
699847,3,0,1,0,1,0,6,0,0,0,1,1,2,0,0,189,0,0,0,0,27,69,0
699122,35,0,1,0,1,0,4,2,0,0,1,1,0,0,0,91,0,0,0,0,10,42,0
699003,35,1,1,0,0,0,4,2,0,1,4,2,0,1,1,125,0,1,0,0,14,31,0
698667,17,0,1,0,1,3,16,0,0,0,1,1,3,0,0,258,0,0,0,0,47,47,0
698828,1,0,1,0,0,0,0,0,0,0,1,1,1,0,0,116,0,1,0,0,19,29,0
698395,149,1,1,0,0,0,8,2,0,0,1,1,3,0,0,116,0,0,0,0,14,62,0
698392,6,0,1,0,0,1,0,0,0,0,1,1,0,0,0,104,0,1,1,0,18,17,0
698223,19,0,1,2,3,2,18,0,0,0,2,4,9,0,0,877,0,0,2,5,139,52,0
698050,18,0,1,2,0,0,4,0,0,0,2,4,0,0,0,119,0,0,1,0,15,34,0
697999,3,1,1,0,1,8,16,0,0,0,2,1,8,0,0,324,0,0,0,0,56,32,0
697748,9,0,1,0,0,5,16,4,0,0,2,6,1,0,0,295,0,1,2,0,40,44,0
697560,1,0,1,0,0,1,4,2,0,0,2,5,0,0,0,253,0,0,2,2,28,139,1
697164,23,0,1,1,0,0,0,0,0,0,1,2,5,0,0,129,0,0,1,4,11,59,0
696893,50,0,1,0,0,1,10,0,0,0,3,2,1,0,1,133,0,1,0,0,23,71,0
696632,250,0,1,0,1,0,4,0,0,0,3,2,1,0,0,89,1,0,0,0,10,66,0
696625,1,0,1,0,0,0,8,0,0,1,2,1,1,0,0,206,0,1,1,0,32,44,0
696606,1,0,1,0,1,0,0,0,0,0,1,1,3,0,0,199,0,0,0,0,37,21,0
696157,1,0,1,0,0,4,0,0,0,0,1,1,2,0,0,370,1,1,1,0,66,33,0
695888,18,0,1,0,0,0,0,0,0,0,1,2,0,0,0,154,0,2,2,0,28,38,0
695670,5,0,1,1,1,1,0,0,0,0,3,6,6,1,1,408,0,0,2,6,61,23,0
695542,346,0,1,0,0,2,14,0,0,0,2,1,1,0,0,161,0,1,1,0,27,52,0
695267,8,0,1,3,1,5,10,0,0,0,2,5,2,0,0,342,0,0,0,0,65,44,0
695224,6,0,1,0,0,2,6,0,0,0,2,1,1,0,0,105,0,1,0,0,11,48,0
694939,3,1,1,0,0,7,20,0,0,0,1,4,8,0,0,707,0,2,3,2,124,19,3
694913,62,0,1,1,0,7,10,2,0,0,1,2,0,0,0,209,0,0,0,1,21,20,0
694627,11,0,1,0,0,0,0,0,0,1,2,1,0,0,0,67,0,0,0,0,11,36,0
694526,10,0,1,0,2,2,8,2,0,0,5,2,1,0,0,278,0,0,2,1,43,45,0
693645,307,0,1,0,0,0,0,0,0,0,2,1,1,0,0,123,0,1,1,0,20,67,0
693558,47,0,1,0,1,1,0,0,0,0,2,2,2,1,0,140,0,0,1,0,27,27,0
693441,106,0,1,0,0,1,0,0,0,0,1,1,0,0,0,139,0,1,3,0,28,70,0
693288,1,0,1,0,0,2,0,0,0,0,2,1,3,0,0,190,1,0,1,0,40,16,0
693216,6,0,1,1,0,3,4,0,0,1,3,5,2,2,1,353,0,0,0,1,55,74,0
693201,17,1,1,1,1,1,10,0,0,0,3,2,1,0,0,159,0,0,2,1,28,33,0
693141,438,1,1,0,0,0,6,2,0,0,2,3,3,0,0,189,0,0,0,1,22,48,1
693108,7,0,1,1,1,0,0,0,0,0,1,2,5,1,0,185,0,0,3,4,24,27,1
693065,4,0,1,1,0,0,8,2,0,0,1,1,0,0,0,82,0,0,0,0,14,61,0
692931,477,0,1,0,1,0,2,0,0,0,3,2,2,1,2,155,0,0,0,0,19,78,0
692741,27,0,1,2,1,0,0,0,0,0,1,2,17,1,0,210,0,1,1,0,33,65,0
692634,13,0,1,3,2,0,0,0,0,0,2,5,9,0,0,382,0,1,0,8,41,30,0
692357,310,0,1,0,2,2,8,0,0,0,4,1,4,0,0,234,0,0,2,0,44,59,0
692278,111,1,1,0,1,0,2,0,0,0,1,1,0,0,0,86,0,0,0,0,15,35,0
692212,4,0,1,0,1,1,8,2,0,0,1,1,3,0,1,237,0,0,0,0,33,36,0
692151,1214,0,1,0,1,2,0,0,0,0,2,1,4,0,1,351,0,1,2,0,68,47,0
691747,7,0,1,1,3,1,4,0,0,0,3,4,5,0,0,287,0,2,4,4,37,29,0
691724,102,0,1,0,1,0,10,0,0,0,3,4,1,0,0,174,0,0,2,0,22,28,0
691712,125,0,1,0,0,2,2,0,0,0,1,1,0,0,0,115,0,1,1,0,19,49,0
691585,1,0,1,0,0,0,0,0,0,1,3,1,1,0,0,141,0,1,1,0,23,46,0
691474,33,0,1,0,0,0,8,0,0,0,3,1,1,0,0,178,0,1,0,0,20,89,0
690875,42,1,1,0,1,3,16,0,0,0,1,1,0,0,0,154,0,0,0,0,29,27,0
690812,334,0,1,0,1,1,10,0,0,1,1,1,3,0,0,159,0,0,0,0,29,34,0
690795,546,0,1,0,1,2,4,0,0,0,1,2,1,1,1,167,0,0,2,1,22,28,0
690582,1,0,1,10,0,5,0,0,0,1,1,8,18,1,2,1487,0,0,0,10,302,28,0
690308,11,0,1,1,0,0,0,0,0,0,1,2,12,1,0,965,0,0,2,6,180,20,0
690229,1441,0,1,0,0,0,4,0,0,0,2,2,3,0,2,139,0,0,0,0,28,38,0
690155,1,0,1,0,0,5,0,0,0,0,2,1,1,0,0,83,0,1,1,0,13,100,0
690129,878,0,1,2,0,2,12,0,0,0,4,6,14,0,2,871,0,6,4,8,118,96,0
690102,44,0,1,0,1,1,0,0,0,0,2,2,2,0,0,252,0,0,0,0,37,49,0
690032,82,0,1,0,1,2,0,0,1,0,4,2,4,0,0,275,0,0,0,0,50,94,0
689877,10,0,1,1,0,2,0,0,0,0,1,1,4,1,0,209,0,0,0,4,27,21,0
689763,8,1,1,2,0,0,4,2,0,1,3,6,3,0,0,372,0,0,1,0,42,29,0
689637,7,0,1,0,1,3,10,0,0,0,1,1,1,0,0,159,0,0,0,0,27,33,0
689610,11,1,1,0,0,1,6,2,0,0,3,3,0,0,0,92,0,1,1,0,6,48,0
688931,8,0,1,0,0,0,2,0,0,0,2,2,0,0,0,98,0,1,1,0,11,118,0
687976,270,0,1,1,1,0,0,0,0,1,4,2,5,0,0,235,0,1,2,4,31,49,0
687851,15,0,1,0,0,0,0,0,0,0,1,1,2,1,0,124,0,0,1,1,65,98,0
687813,73,0,1,0,0,2,0,0,0,1,3,1,3,0,0,221,0,0,0,0,33,91,0
687812,98,1,1,1,1,4,8,2,0,0,2,2,2,0,0,303,0,0,1,0,46,37,0
687759,98,1,1,0,1,1,0,0,0,0,2,1,0,0,0,99,0,0,0,0,22,49,0
687492,3,0,1,0,0,2,0,0,0,0,3,1,2,0,0,639,0,1,3,0,110,76,0
687399,481,0,1,2,1,1,4,0,0,0,2,2,1,0,0,129,0,1,1,0,13,47,0
687324,6,0,1,0,1,2,6,2,0,0,1,1,0,0,0,111,0,0,1,0,13,84,0
687287,74,0,1,0,0,1,8,0,0,0,2,1,1,0,0,119,0,1,0,0,20,39,0
687265,6,0,1,0,1,1,4,0,0,0,1,2,2,0,1,175,0,1,1,0,25,69,0
686840,1,0,1,0,1,1,0,0,0,1,3,1,5,0,0,168,1,0,0,0,33,19,0
686778,46,0,1,0,1,0,4,0,0,0,3,1,1,0,0,120,0,0,1,0,16,81,0
686766,26,0,1,0,0,0,6,2,0,1,2,2,1,0,0,126,0,1,1,0,9,66,0
686530,85,0,1,0,0,0,0,0,0,1,1,1,2,0,0,105,0,0,0,0,18,139,0
686367,60,0,1,3,0,68,0,0,0,0,3,17,3,1,0,1273,0,7,1,6,180,37,0
686357,6,0,1,1,2,3,4,0,0,0,1,2,4,0,0,209,0,1,2,2,31,53,0
686329,6,0,1,0,1,1,4,0,0,0,1,1,1,0,0,90,0,0,0,0,18,37,0
685882,3,0,1,1,1,0,10,2,0,0,1,1,1,0,0,153,0,0,0,0,27,64,0
685847,1,0,1,1,0,2,8,2,0,0,1,3,1,0,1,293,0,2,0,0,31,25,0
685819,24,0,1,0,1,0,10,0,0,0,2,1,2,0,0,130,0,0,0,0,32,94,0
685464,100,0,1,0,1,0,6,0,0,0,2,1,1,0,0,93,0,0,0,0,13,34,0
685436,190,0,1,1,0,2,10,0,0,0,2,1,1,0,0,152,0,1,0,0,25,43,0
685223,25,0,1,1,1,1,2,0,0,0,1,1,0,0,0,80,0,0,0,0,8,54,0
684722,3,0,1,0,0,0,4,2,0,0,1,2,1,1,1,131,0,0,0,0,10,49,0
684524,1,0,1,3,1,1,14,0,0,1,4,1,1,0,0,405,0,0,0,0,59,104,0
684363,41,0,1,0,0,1,0,0,0,1,2,1,2,1,0,326,0,0,2,0,54,46,0
684140,3,0,1,0,1,2,8,2,0,0,3,2,1,0,0,231,0,0,2,0,30,40,0
684086,6,0,1,0,1,2,16,0,0,1,3,1,4,0,0,255,0,0,3,0,45,45,0
683996,788,0,1,1,0,1,8,4,1,1,3,4,6,0,0,504,0,0,0,4,69,21,0
683823,52,0,1,0,1,1,14,0,0,0,2,1,2,0,0,174,0,0,1,0,25,79,0
683719,1,1,1,0,2,1,6,0,0,0,1,1,3,0,0,137,0,0,0,0,22,65,0
683666,854,0,1,1,1,0,8,2,0,1,2,2,0,0,0,131,0,0,0,0,11,44,0
683615,9,1,1,0,1,0,4,2,0,0,2,1,0,0,0,93,0,0,1,0,6,75,0
682946,1,0,1,2,0,4,0,0,0,1,1,2,11,1,1,578,0,1,1,7,91,67,0
682705,290,0,1,0,0,0,8,2,0,0,3,2,0,0,0,166,0,1,1,0,23,25,0
682689,1,0,1,1,1,1,2,0,0,0,2,1,1,0,0,101,0,0,0,0,9,30,0
682611,472,0,1,0,1,4,8,0,0,0,3,2,3,0,0,316,0,1,0,0,55,87,0
682474,501,0,1,0,1,2,12,0,0,0,2,2,3,0,0,507,1,0,1,0,78,47,0
681610,10,0,1,0,1,0,0,0,0,0,2,5,1,0,0,222,0,0,0,0,28,35,0
681425,3,0,1,1,1,0,0,0,0,1,2,0,6,0,0,451,0,0,0,0,77,41,0
681308,503,0,1,1,0,0,0,0,0,0,2,1,2,0,0,217,0,0,0,0,36,75,0
681335,1,0,1,0,0,1,0,0,0,0,4,1,3,0,0,457,0,1,4,0,78,96,0
681177,1,0,1,0,0,2,0,0,0,0,2,1,1,0,0,149,0,1,1,0,27,30,0
680994,1,0,1,1,0,2,0,0,0,0,3,2,4,0,0,165,1,0,1,1,28,21,0
680813,17,0,1,0,1,2,0,0,0,0,3,1,1,0,0,100,0,0,2,0,16,73,0
680573,14,0,1,0,0,0,0,0,0,0,1,1,2,0,0,240,0,1,2,0,44,34,0
680250,60,0,1,0,0,0,2,0,0,1,2,1,0,0,0,47,0,0,1,0,6,40,0
680149,16,0,1,0,0,0,4,0,0,0,1,2,0,0,0,146,0,1,1,0,14,44,0
679488,119,0,1,1,2,3,4,0,0,0,1,2,8,1,0,474,0,1,1,4,73,67,0
678625,107,0,1,0,1,2,16,0,0,0,2,1,3,0,0,209,0,0,1,0,39,32,0
678536,436,0,1,0,0,1,0,0,0,0,1,1,0,0,0,145,0,1,1,0,28,51,0
678338,1,0,1,1,1,0,2,0,0,1,1,1,0,0,0,98,0,0,0,1,12,56,0
678220,3,1,1,1,1,0,6,0,0,0,1,1,2,0,0,155,0,0,0,1,30,36,0
678164,39,0,1,0,0,1,0,0,0,0,2,2,1,0,0,116,0,1,1,0,17,50,0
677871,4,0,1,0,0,5,36,0,0,0,1,3,3,0,0,408,0,3,3,0,76,22,0
677656,18,0,1,0,0,0,6,0,0,0,1,1,4,0,0,172,0,1,0,0,14,24,0
677577,136,0,1,1,0,1,8,2,0,0,1,2,1,0,0,167,0,0,1,0,22,29,0
677218,1,0,1,2,1,0,0,0,0,0,2,3,9,0,0,228,0,0,1,8,18,38,1
677063,686,0,1,0,0,3,8,0,0,0,3,1,0,0,0,178,0,1,1,0,26,66,0
676421,320,0,1,1,0,0,0,0,0,0,1,1,1,0,0,130,0,0,0,2,17,45,0
676374,13,0,1,1,1,2,10,2,0,0,2,2,2,0,0,249,0,0,0,0,27,41,0
675733,82,0,1,1,2,1,4,0,0,0,1,2,1,0,0,148,0,0,0,0,20,30,0
675686,4,0,1,0,1,0,0,0,0,1,1,1,3,0,0,174,0,0,0,0,30,38,0
675210,14,0,1,1,0,0,6,0,0,0,5,3,1,0,0,257,0,0,0,0,15,76,0
675192,29,0,1,0,1,2,8,0,0,0,1,2,2,0,0,211,0,1,0,0,25,32,1
674982,15,0,1,0,1,1,0,0,0,0,3,1,0,0,0,99,0,1,0,0,12,52,0
674947,56,0,1,0,1,1,16,0,0,0,3,1,2,0,0,172,0,0,0,0,25,50,0
674504,3,0,1,0,1,1,4,0,0,0,1,1,0,0,0,141,1,2,2,0,22,41,0
674434,4,0,1,1,0,5,0,0,0,0,2,2,5,0,0,397,0,1,1,1,83,33,0
674368,17,0,1,0,0,7,8,0,0,0,1,1,0,0,0,116,0,0,0,0,10,32,0
674217,402,0,1,0,1,1,4,0,0,1,3,2,1,1,0,117,0,1,1,1,18,42,0
673793,3,0,1,0,0,0,0,0,0,0,3,1,1,0,0,117,0,1,1,0,21,107,0
673791,11,0,1,1,2,3,6,0,0,0,1,2,4,1,1,216,0,0,0,0,32,58,0
673264,21,0,1,1,1,5,12,0,0,1,2,5,0,0,1,173,0,0,0,0,23,26,0
673124,4,0,1,0,0,1,4,2,0,0,1,1,0,0,0,164,0,0,0,0,19,51,0
672912,1,0,1,0,0,0,0,0,0,0,2,1,7,0,0,200,0,0,0,0,38,33,0
672467,11,0,1,1,1,0,4,0,0,0,1,2,2,0,0,97,0,0,0,0,10,47,0
672022,394,0,1,1,3,0,8,0,0,1,2,2,2,0,0,237,0,1,2,0,42,140,0
671993,1,0,1,0,1,1,2,0,0,1,1,1,2,0,0,207,0,1,1,0,41,43,0
671920,1,1,1,1,1,0,8,4,0,0,1,3,2,0,0,224,0,0,0,3,25,34,0
671205,26,0,1,0,1,0,8,0,0,0,3,1,2,0,0,122,0,0,1,0,20,34,0
670260,23,0,1,0,2,0,4,0,0,0,1,1,1,0,0,103,0,1,1,0,14,32,0
670038,4,1,1,0,1,1,0,0,0,0,3,1,0,0,0,100,0,2,1,0,16,69,1
669837,250,0,1,0,0,0,2,0,0,0,2,2,0,0,0,81,1,1,1,0,6,36,0
669658,136,0,1,0,0,0,12,4,0,0,2,4,2,0,0,262,0,0,0,0,22,32,0
669153,1,1,1,0,0,0,0,0,0,0,1,3,1,0,0,69,0,1,1,0,11,37,0
668969,8,0,1,0,1,5,20,4,0,0,1,1,2,0,1,374,1,1,2,0,67,145,0
668632,403,0,1,1,0,3,0,0,0,0,3,2,3,0,0,247,0,0,1,0,45,40,0
668219,1,1,1,0,0,0,0,0,0,0,3,1,2,0,2,65,0,0,0,0,7,38,0
668080,422,0,1,1,1,8,34,0,0,0,1,2,4,0,0,420,0,1,2,0,72,55,0
667654,1,0,1,0,0,3,0,0,0,0,1,1,2,0,0,238,0,1,1,0,47,41,0
667414,320,1,1,0,1,0,2,0,0,0,2,1,2,1,1,102,0,0,0,0,11,24,0
667296,1,0,1,0,1,2,10,0,0,0,1,1,2,0,0,200,0,0,2,0,34,42,0
667277,1,0,1,0,1,8,6,0,0,1,2,1,7,0,0,180,0,0,1,0,30,66,0
667177,108,0,1,0,1,0,4,0,0,0,1,1,1,1,0,226,0,1,3,1,41,75,0
667069,4,0,1,1,1,0,2,0,0,0,1,4,1,0,0,356,0,0,0,0,22,41,0
666975,19,0,1,0,0,1,8,0,0,0,1,2,1,1,0,147,0,0,0,0,21,71,0
666960,92,0,1,1,1,0,6,0,0,0,2,4,5,0,2,238,0,0,0,1,32,50,0
666893,1,0,1,0,2,0,6,2,0,0,1,3,2,1,2,308,0,1,1,0,42,67,1
666538,438,1,1,0,0,0,4,2,0,1,3,2,1,0,0,83,0,0,0,0,7,38,0
666198,1,0,1,0,1,1,6,0,0,0,2,1,2,0,0,79,1,0,0,0,11,48,0
665984,1,0,1,0,0,0,0,0,0,0,1,2,2,0,0,190,0,1,1,0,28,17,0
665897,1,0,1,0,0,0,2,0,0,0,1,2,1,0,1,146,0,0,1,2,19,47,0
665146,318,0,1,0,1,2,8,2,0,0,1,1,3,0,0,142,0,0,0,0,29,73,0
665110,8,1,1,0,1,2,0,0,0,0,1,3,2,0,0,208,0,6,0,0,36,62,0
665068,3,0,1,4,3,6,0,0,0,0,3,7,9,2,1,1095,0,4,8,3,193,45,0
664697,104,0,1,0,1,0,4,0,0,0,2,1,0,0,0,96,0,1,0,0,15,54,0
664652,11,0,1,0,1,9,28,0,0,0,1,4,8,0,0,630,0,1,4,2,93,103,0
664579,1,0,1,0,0,0,0,0,0,0,2,1,1,2,1,82,0,0,1,0,14,57,0
664510,133,0,1,2,0,0,2,0,0,0,1,1,0,0,0,201,0,2,3,0,26,19,0
663973,1,0,1,1,1,0,0,0,0,0,1,2,4,1,0,153,0,2,1,4,16,23,0
663679,55,0,1,1,1,2,14,0,0,0,2,1,2,0,0,162,0,0,0,0,29,41,0
663602,76,1,1,2,0,3,14,0,0,1,4,2,4,0,0,314,0,0,0,0,39,30,0
663483,11,1,1,0,2,4,8,0,0,0,2,1,2,0,1,126,0,0,1,0,19,40,0
663287,49,0,1,1,0,2,4,0,0,0,2,1,0,0,0,108,0,1,0,0,18,35,0
662968,105,0,1,0,1,5,10,0,0,0,3,1,2,0,0,314,0,1,2,0,45,40,0
662963,390,0,1,0,1,0,0,0,0,0,2,1,0,0,0,115,0,1,2,0,19,116,0
662907,42,0,1,0,0,0,0,0,0,0,2,1,1,0,0,202,0,2,1,0,31,16,0
662703,33,1,1,0,0,0,4,2,0,0,1,2,0,1,1,125,0,1,0,0,16,32,0
662693,1,0,1,0,0,0,0,0,0,0,1,1,0,0,0,136,0,0,1,0,23,41,0
662430,1165,0,1,0,0,0,4,2,0,0,1,3,1,0,1,119,0,0,0,0,11,47,0
662414,106,1,1,1,1,1,6,0,0,0,1,4,2,0,0,197,0,0,0,0,23,39,0
662409,19,0,1,2,1,14,32,0,0,0,1,5,7,1,0,743,0,0,2,1,131,37,0
662258,248,0,1,0,0,0,6,0,0,0,1,2,1,0,1,131,0,1,1,0,24,65,0
662227,307,0,1,0,1,0,8,3,0,0,1,1,0,1,1,248,0,2,1,0,32,51,0
661821,307,0,1,0,2,0,0,0,0,0,3,1,2,0,1,85,0,0,1,0,13,34,0
661788,4,0,1,0,0,0,0,0,0,1,1,1,2,0,0,180,0,1,1,0,33,15,0
661739,102,0,1,0,0,0,0,0,0,0,1,2,5,1,0,285,0,1,1,0,38,15,0
661157,41,0,1,0,1,0,2,0,0,0,1,2,2,0,1,84,0,0,0,0,8,50,0
661131,35,0,1,0,0,0,0,0,0,1,2,1,2,0,0,191,0,1,1,0,32,53,0
660992,4,1,1,0,0,0,0,0,0,1,4,1,0,0,1,63,0,1,0,0,9,83,0
660755,9,0,1,0,0,0,0,0,0,0,1,1,1,0,0,94,0,1,1,0,17,86,0
659788,99,0,1,1,0,3,8,0,0,0,1,1,2,0,1,133,0,1,0,0,20,97,0
659713,99,0,1,0,1,0,8,0,0,0,2,2,2,0,0,211,0,0,0,0,30,144,0
659702,111,1,1,0,0,8,6,0,0,0,3,1,1,0,0,169,0,0,0,1,19,21,0
659608,14,0,1,1,1,5,0,0,0,0,1,3,2,1,1,272,0,1,1,2,39,43,0
659575,56,0,1,1,1,0,18,0,0,0,1,1,2,0,0,248,0,0,1,0,40,34,0
658638,3,0,1,1,1,2,0,0,0,0,2,3,6,0,1,327,0,0,0,4,45,108,0
657754,8,0,1,0,1,1,0,0,0,0,1,1,0,0,0,135,0,1,3,0,24,27,0
657491,2,0,1,0,0,0,4,2,0,1,3,1,0,0,0,81,1,0,0,0,9,52,0
657397,136,0,1,1,0,0,28,0,0,0,1,5,1,0,0,501,0,0,0,0,64,41,0
657205,36,0,1,0,1,1,12,0,0,0,2,1,0,0,0,152,0,0,0,1,20,98,0
657099,43,0,1,0,1,0,4,2,0,0,3,1,0,0,0,83,0,0,0,0,5,39,0
656867,33,0,1,0,1,1,4,0,0,0,1,2,1,0,0,221,0,1,1,0,35,60,0
656818,33,0,1,0,1,5,22,0,0,0,1,4,3,0,0,377,0,0,1,0,62,46,0
656698,5,1,1,1,0,2,0,0,0,1,2,2,4,0,1,185,0,0,1,4,23,49,1
656600,1,0,1,2,3,1,0,0,0,0,3,7,13,1,0,506,0,0,1,0,88,44,0
656578,1,1,1,0,0,0,0,0,0,0,1,1,2,0,0,195,0,1,2,0,36,44,0
656539,3,0,1,0,0,1,6,0,0,0,2,1,0,0,0,116,0,1,1,0,20,51,0
656292,4,0,1,0,1,1,4,0,0,0,1,2,1,0,2,244,0,0,0,0,41,98,0
655789,3032,0,1,0,0,0,4,2,0,0,1,2,0,0,0,79,0,0,1,3,6,53,0
655754,3,0,1,0,0,0,2,0,0,0,2,1,1,0,0,90,0,0,0,0,7,44,0
655713,8,0,1,0,1,8,28,0,0,0,1,4,6,1,1,900,0,1,2,4,157,28,0
655628,390,0,1,0,0,4,8,0,0,0,2,4,6,0,0,175,0,1,2,0,19,86,0
655540,21,0,1,0,0,0,2,0,0,0,1,1,0,0,0,142,0,0,1,0,13,48,0
655432,1,0,1,1,0,3,20,0,0,0,3,3,3,0,0,454,0,2,2,0,68,20,0
655355,6,0,1,0,1,0,2,0,0,0,1,1,3,0,0,218,0,0,1,3,40,35,0
654919,138,0,1,0,0,1,2,0,0,0,1,1,0,0,0,122,1,1,1,0,20,56,0
654773,8,0,1,2,2,3,0,0,0,0,1,2,3,0,0,402,0,0,0,6,49,17,0
654722,41,1,1,0,0,0,2,0,0,0,3,1,2,0,1,44,0,0,0,0,4,55,0
654550,587,1,1,0,1,2,14,0,0,0,2,1,1,0,0,177,0,1,0,0,24,37,0
653932,38,0,1,0,1,2,8,4,0,0,2,1,0,0,0,161,0,0,0,0,30,124,0
653904,6,1,1,2,1,0,4,0,0,0,2,3,6,1,1,283,1,1,3,4,36,43,0
653628,444,1,1,0,1,3,6,2,0,0,1,1,0,0,0,83,0,0,2,0,8,50,0
653607,250,0,1,0,0,2,6,2,0,0,1,2,0,0,0,102,1,1,1,0,19,44,0
653132,66,0,1,2,2,4,14,6,0,0,3,6,1,0,0,396,0,0,0,0,39,47,0
653030,71,0,1,1,0,3,0,0,0,0,2,7,23,0,0,1038,0,6,6,1,269,39,0
652959,19,0,1,0,1,0,10,2,0,0,4,1,1,0,0,118,0,1,1,0,21,51,0
652795,171,0,1,0,1,0,4,2,0,0,2,2,2,0,0,107,0,0,0,0,6,58,0
652044,63,0,1,0,2,1,8,0,0,0,1,3,4,0,0,190,0,1,2,1,31,70,0
651999,1234,0,1,4,0,0,0,0,0,0,1,1,8,0,0,503,0,1,0,16,23,50,0
651840,60,0,1,1,2,1,2,0,1,0,4,3,2,0,0,176,0,2,1,1,27,47,2
651644,1,0,1,0,1,1,4,0,0,0,2,1,1,0,0,68,1,0,0,0,10,41,0
651608,29,0,1,0,1,0,2,0,0,0,2,1,0,0,0,144,0,2,0,0,25,29,0
651602,99,0,1,2,0,5,24,0,0,0,1,4,8,0,0,531,0,1,0,0,64,71,0
651436,438,1,1,1,0,0,2,0,0,0,2,2,0,0,0,110,0,0,0,0,25,30,0
651371,718,0,1,0,0,1,6,0,0,0,2,1,2,0,0,253,1,1,1,0,43,53,0
651148,268,0,1,0,1,0,2,0,0,0,2,2,0,0,0,128,0,1,1,0,16,103,0
651041,171,0,1,0,0,14,26,0,0,0,1,7,4,0,0,598,0,1,0,0,47,77,0
651012,171,0,1,1,0,11,18,0,0,0,1,5,3,0,0,395,0,1,0,0,43,41,0
650690,16,0,1,1,2,3,8,0,0,0,1,1,1,0,0,338,0,0,1,0,53,114,0
650639,13,0,1,1,0,2,8,0,0,0,1,3,1,0,0,240,1,2,3,1,44,33,0
650633,154,0,1,1,1,0,4,0,0,0,1,4,2,0,0,240,0,0,1,0,18,24,0
650271,76,0,1,0,1,0,4,0,0,0,2,2,2,0,0,115,0,0,1,0,16,90,0
650186,72,0,1,4,2,0,28,0,0,0,1,7,2,0,0,481,0,1,1,0,59,44,0
650182,103,0,1,0,0,0,0,0,0,0,1,3,4,0,0,158,0,0,1,4,26,24,0
650106,4,0,1,0,1,2,14,0,0,0,3,2,3,0,0,167,0,0,1,0,30,89,0
650019,1,0,1,0,1,6,12,4,0,0,1,1,0,0,0,157,0,1,1,0,6,34,0
649776,57,0,1,0,0,1,0,0,0,0,2,1,1,0,0,88,0,0,0,1,11,72,0
649478,11,0,1,0,1,1,8,0,0,0,2,2,4,1,2,275,0,1,1,1,43,39,0
649063,60,0,1,0,0,0,2,0,0,0,2,1,0,0,0,56,0,1,1,0,7,48,0
648851,363,0,1,1,0,0,0,0,0,0,2,3,6,0,0,212,0,1,2,4,21,39,0
648789,139,0,1,1,1,2,6,0,0,0,1,1,2,0,0,214,0,0,0,0,27,63,0
648299,15,0,1,0,1,2,8,0,0,1,2,1,1,0,0,89,0,0,0,0,14,72,0
648099,1,0,1,0,1,3,0,0,0,0,2,1,4,0,0,273,0,0,0,0,45,38,0
647955,1,0,1,0,1,0,0,0,0,0,2,1,3,0,0,173,0,0,0,0,33,23,0
647728,28,0,1,0,0,0,2,0,0,0,1,1,1,0,0,124,0,0,0,0,8,115,0
647703,8,0,1,0,1,0,2,0,0,0,1,2,1,0,0,124,0,1,0,0,14,46,0
647493,34,1,1,0,1,0,10,0,0,1,3,4,2,0,0,182,0,0,0,0,20,47,0
647261,24,0,1,1,0,7,4,2,0,0,1,3,7,0,0,233,0,1,1,0,31,44,0
646796,1,0,1,0,0,0,0,0,0,0,2,1,1,0,0,42,0,0,0,0,6,93,0
646546,6,0,1,0,1,1,2,0,0,0,1,1,0,0,0,97,1,1,1,0,16,55,0
645983,5,0,1,0,0,3,18,6,0,0,2,5,1,0,0,197,0,1,1,0,19,60,0
645741,6,0,1,0,0,5,6,0,0,0,1,1,2,0,0,111,0,0,0,0,16,34,0
645242,2,1,1,0,1,1,2,0,0,0,2,1,0,0,0,77,0,1,1,0,11,72,0
645017,1,0,1,0,0,0,6,0,0,1,2,1,2,0,0,100,1,0,1,0,19,93,0
644448,9,0,1,1,1,2,8,0,0,0,1,1,1,0,0,112,0,0,0,0,23,34,0
644156,16,0,1,0,0,0,4,2,0,0,1,2,0,0,0,167,0,1,0,0,8,34,0
643855,16,0,1,0,1,3,24,0,0,0,1,1,3,0,0,213,1,0,3,0,44,31,0
643813,164,0,1,0,1,0,4,2,0,0,1,1,1,0,0,57,0,0,0,0,7,49,0
643665,355,0,1,0,0,3,10,2,0,0,1,2,0,0,1,176,0,0,2,1,25,47,0
643584,14,0,1,0,0,0,4,2,0,0,1,2,3,1,1,251,0,0,0,1,41,38,0
643382,107,0,1,0,1,0,12,0,0,0,1,3,3,0,0,175,0,0,0,0,23,28,0
643137,354,0,1,2,0,2,0,0,0,0,2,2,14,0,1,515,0,1,2,9,63,72,0
642952,21,0,1,0,0,2,20,0,0,0,4,1,2,0,0,188,0,1,1,0,32,91,0
642918,171,0,1,0,0,0,4,2,0,0,3,1,0,0,0,115,0,2,1,0,12,63,0
642893,8,0,1,0,1,2,8,0,0,0,1,1,1,0,0,112,0,0,0,0,21,72,0
642710,5,0,1,0,0,3,8,4,0,0,1,2,0,0,0,113,0,1,0,0,18,30,1
642340,488,0,1,0,0,6,10,0,0,0,1,3,2,0,0,254,0,1,0,0,31,42,0
642095,81,0,1,0,0,0,4,0,0,0,2,3,0,0,0,108,0,1,1,0,9,74,0
642040,1,0,1,0,0,1,6,0,0,0,1,3,2,0,1,220,0,0,0,0,32,92,0
641903,863,0,1,0,0,6,2,0,0,0,2,2,4,0,0,388,0,2,0,2,60,40,0
641805,421,0,1,0,1,0,4,0,0,0,1,1,3,0,0,169,0,0,1,0,27,22,0
641281,30,0,1,0,0,0,2,0,0,0,3,1,1,0,1,124,0,3,2,0,14,74,0
641274,30,0,1,0,0,0,4,2,0,0,2,3,2,0,1,131,0,1,1,0,9,41,0
641030,6,1,1,1,1,0,4,0,0,0,2,1,2,0,0,84,0,0,0,0,12,73,0
640633,6,0,1,1,0,1,4,2,0,0,2,2,0,1,2,182,1,0,0,1,21,32,0
640301,99,0,1,0,1,0,0,0,0,0,1,3,3,1,2,286,0,2,3,0,45,41,0
640271,6,0,1,1,3,0,10,2,0,0,1,4,2,1,0,399,0,0,0,0,43,37,0
640136,976,0,1,0,1,0,2,0,1,0,1,2,2,0,0,168,0,0,1,1,29,48,0
640119,107,1,1,0,1,3,14,0,0,1,3,1,3,0,0,241,0,0,0,0,36,29,0
639786,153,0,1,1,1,1,4,0,0,0,1,3,2,1,1,138,0,0,1,0,19,27,0
639237,11,0,1,0,1,3,8,0,0,0,3,1,1,0,0,118,0,0,0,0,19,52,0
639055,191,0,1,0,0,0,2,0,0,0,2,2,0,0,0,79,0,1,1,0,6,60,0
638961,1,0,1,1,0,7,6,2,0,0,1,1,0,0,1,123,0,1,2,1,20,47,0
638777,6,0,1,0,3,0,0,0,0,0,2,1,1,0,0,127,0,1,5,2,23,135,0
638505,3,0,1,0,1,1,0,0,0,0,1,1,1,0,0,80,0,0,0,0,15,91,0
638337,1,0,1,0,0,0,0,0,0,0,1,1,2,0,0,167,0,1,1,0,34,32,0
638214,22,0,1,0,1,1,6,0,0,0,2,2,1,1,1,133,0,1,1,2,19,106,0
638141,1,1,1,0,1,1,4,0,0,0,3,2,2,2,0,201,0,0,0,0,27,63,0
638077,6,0,1,0,0,5,44,0,0,0,2,1,11,0,0,408,0,0,0,0,62,63,0
638006,15,0,1,6,0,6,16,0,0,0,1,2,0,0,0,443,0,2,0,0,45,59,0
637939,15,0,1,7,0,0,10,0,0,0,1,4,4,0,0,406,0,0,0,0,62,65,0
637696,2589,0,1,2,1,2,10,0,0,0,1,7,3,1,0,478,0,1,1,0,78,66,0
637584,15,0,1,0,1,2,10,0,0,0,1,1,2,0,0,121,0,0,0,0,10,41,0
637425,16,0,1,1,1,3,14,0,0,0,1,4,2,0,1,224,0,0,1,4,23,20,0
636685,24,0,1,1,2,1,8,0,0,0,2,2,0,1,1,229,0,0,2,0,34,32,0
636637,1,0,1,0,0,4,0,0,0,0,1,2,2,1,1,114,0,0,0,0,16,28,0
636165,25,0,1,1,1,0,4,2,0,0,2,1,0,1,1,141,0,0,0,0,13,88,0
635772,741,0,1,0,1,3,10,0,0,0,1,1,2,0,0,140,0,0,1,0,18,48,0
635520,3032,0,1,0,1,2,2,0,0,0,1,2,0,1,1,154,0,2,2,0,24,18,0
635494,21,0,1,0,0,6,16,0,0,0,3,1,2,0,0,452,0,0,1,0,166,27,0
635047,129,1,1,1,3,4,16,2,0,0,1,8,16,0,1,670,0,0,7,2,92,23,3
635038,622,0,1,0,0,4,14,0,0,0,1,1,1,0,0,314,0,2,1,0,47,25,0
634542,1289,0,1,1,0,0,8,0,0,0,2,2,2,0,1,148,0,1,0,0,22,116,0
634435,1,0,1,0,1,1,6,0,0,0,1,2,0,0,0,150,0,0,0,0,26,50,0
633989,578,1,1,0,1,3,4,0,1,0,2,2,2,1,1,196,0,1,1,2,33,56,0
633858,53,0,1,0,1,2,0,0,0,0,3,1,1,0,0,130,0,1,2,1,26,20,0
633519,107,0,1,0,2,1,2,0,0,1,2,2,3,0,0,101,0,0,2,1,16,101,0
632951,6,0,1,0,1,0,2,0,0,0,2,2,3,1,1,214,0,1,2,0,23,110,0
632919,35,0,1,0,1,2,14,0,0,0,3,1,2,0,0,183,0,1,0,0,36,40,0
632707,281,1,1,0,1,10,2,0,0,1,3,4,4,1,1,516,0,2,3,0,92,49,0
632699,503,0,1,1,1,4,6,0,0,0,1,1,1,0,0,101,0,0,0,0,8,63,0
632017,186,0,1,1,1,3,6,0,0,1,3,4,1,0,0,239,1,0,1,1,22,23,0
631956,1583,0,1,0,0,1,8,0,0,0,1,1,2,0,0,115,0,0,0,0,12,63,0
631765,6,0,1,0,1,0,6,0,0,0,1,2,2,0,0,168,0,0,0,1,21,34,0
631552,70,0,1,0,1,1,18,0,0,0,5,2,2,0,0,327,0,0,0,0,35,32,0
631514,4,0,1,0,0,1,0,0,0,0,1,2,0,0,0,159,0,0,0,0,24,26,0
631457,4,0,1,1,0,3,0,0,0,0,1,1,10,0,0,235,0,0,0,4,39,25,0
631109,1680,1,1,0,0,0,4,2,0,0,3,1,0,1,0,93,0,0,0,0,10,70,0
630937,8,0,1,0,1,0,0,0,0,0,1,1,2,0,1,271,0,1,0,0,34,82,0
630478,222,0,1,0,1,11,6,1,0,0,2,1,4,0,0,122,1,0,0,0,18,75,0
629987,3,0,1,1,2,4,4,2,0,0,2,1,2,0,1,280,0,0,0,0,41,99,0
629946,150,0,1,2,0,0,0,0,0,0,2,4,5,0,0,222,0,1,1,4,23,68,0
629915,35,0,1,4,3,3,24,0,0,0,1,7,13,0,0,886,0,0,0,0,93,34,0
629425,1,0,1,4,0,1,10,0,0,1,2,3,4,0,0,310,0,1,1,2,54,36,0
629311,13,0,1,0,0,2,16,0,0,1,2,3,2,0,0,223,0,1,1,0,35,23,0
629213,28,1,1,0,0,0,4,2,0,1,3,2,0,0,1,145,0,0,1,0,9,29,0
629057,111,0,1,1,0,6,6,0,0,0,1,3,1,0,1,246,0,1,1,0,28,59,0
628994,6,0,1,0,0,0,0,0,0,0,3,1,1,0,1,148,0,1,0,0,21,81,0
628617,281,0,1,0,1,2,10,0,0,1,4,2,5,0,0,185,0,0,0,0,31,132,0
628509,47,0,1,0,1,0,8,0,0,0,1,1,0,0,0,110,0,1,2,0,18,36,0
628503,14,0,1,0,1,4,20,0,0,0,2,2,4,0,0,313,0,0,1,0,53,50,0
628401,1,1,1,0,1,0,0,0,0,0,1,1,0,0,0,88,0,1,1,5,11,40,0
628396,1,0,1,0,2,0,6,0,0,0,1,2,1,0,0,196,0,1,2,0,32,41,2
628383,3083,0,1,0,0,1,6,0,0,0,1,1,3,1,2,136,0,0,0,0,20,58,0
628318,250,0,1,0,0,0,0,0,0,0,1,1,0,0,0,113,0,1,2,0,17,28,0
628213,9,0,1,0,1,1,4,2,0,0,2,2,2,1,1,131,0,0,1,2,14,73,0
628054,96,0,1,0,1,3,8,0,0,0,1,1,2,0,0,184,0,0,2,0,31,149,0
627958,22,0,1,0,2,2,14,0,0,0,2,3,6,0,0,358,0,0,2,0,61,45,0
627946,11,0,1,0,1,1,0,0,1,0,2,1,3,0,0,75,0,0,0,2,11,91,0
627863,8,0,1,0,1,4,14,0,0,0,1,2,2,0,0,152,0,0,0,0,24,31,0
627874,65,0,1,2,1,0,2,0,0,0,1,1,4,0,1,284,0,0,1,2,52,45,0
627581,15,0,1,5,2,1,12,0,0,0,1,1,3,0,0,194,0,0,2,0,34,92,0
627095,40,0,1,1,1,0,8,4,0,1,4,3,0,0,0,200,0,0,2,1,26,40,0
626998,18,0,1,0,1,1,10,0,0,0,1,2,1,0,0,185,0,0,1,0,25,112,0
626960,49,0,1,0,0,5,9,0,0,0,2,3,4,0,0,487,0,1,1,1,80,33,0
626872,49,0,1,0,0,1,0,0,0,0,1,1,2,0,0,157,0,1,1,0,28,26,0
626827,37,0,1,0,0,1,0,0,0,0,2,2,1,1,0,140,0,0,0,0,21,23,0
626391,46,0,1,1,0,0,4,2,0,0,2,3,2,1,1,153,0,0,0,0,10,46,0
626326,5,0,1,7,2,1,14,2,0,0,2,5,4,0,0,693,0,0,1,6,87,31,0
626278,71,0,1,0,1,1,2,0,0,0,1,1,2,0,0,152,0,0,0,0,23,21,0
626200,3,0,1,0,1,0,0,0,0,1,5,0,0,0,0,313,0,0,0,0,59,20,0
626145,5,0,1,0,0,0,4,0,0,0,1,1,0,0,0,75,0,1,0,0,6,51,0
626032,53,0,1,1,1,1,12,2,0,0,2,1,2,0,0,184,0,0,1,1,25,33,0
625989,34,0,1,0,0,3,14,4,0,1,3,4,0,0,0,145,0,0,1,0,15,51,0
625837,1289,0,1,0,1,2,14,0,0,0,4,2,3,0,1,219,0,0,1,0,39,31,0
625829,351,0,1,0,0,11,2,0,0,0,3,1,0,0,0,109,0,1,0,0,10,58,0
625715,63,0,1,1,1,5,12,0,0,0,2,1,11,0,0,203,0,0,1,0,24,35,0
625684,1289,0,1,0,1,0,8,0,0,0,4,3,5,1,1,199,0,0,0,0,29,64,0
625664,17,0,1,1,1,0,4,2,0,1,2,2,0,0,0,121,0,0,0,0,31,46,0
625610,1,0,1,0,3,2,14,0,0,0,2,3,6,1,0,587,0,0,4,3,77,30,0
625503,65,1,1,1,1,1,4,0,0,0,2,3,2,0,0,344,0,0,1,0,47,92,0
625420,13,1,1,2,0,6,0,0,0,0,2,5,4,0,1,377,0,0,0,0,60,49,0
625022,227,1,1,1,1,1,4,2,0,0,2,1,0,0,0,83,0,0,0,0,5,33,0
624801,138,0,1,0,0,2,0,0,0,0,1,1,9,0,0,289,0,2,2,0,49,77,0
624771,1,0,1,0,3,0,4,2,0,1,2,1,0,0,1,149,0,0,1,0,26,46,0
624763,328,0,1,0,1,1,6,0,0,0,3,2,3,1,1,116,0,0,1,0,10,65,0
624698,138,1,1,0,0,0,0,0,0,0,1,1,2,0,0,336,0,1,1,0,66,32,0
624373,36,0,1,2,1,0,8,0,0,0,4,4,2,1,1,318,0,0,1,1,47,37,0
624284,3,0,1,0,1,0,2,0,0,1,2,1,1,0,0,78,0,0,0,0,6,69,0
624172,12,0,1,0,0,4,8,0,0,0,1,3,4,0,0,474,0,1,3,0,78,37,0
624010,1298,0,1,0,0,0,6,0,0,1,2,1,1,0,0,129,1,1,1,0,12,45,0
624007,1,1,1,0,0,4,0,0,0,1,4,2,2,0,0,156,0,0,0,0,27,67,0
623749,41,0,1,0,0,0,2,0,0,0,2,3,0,0,0,93,0,0,1,0,10,31,0
623692,6,0,1,0,2,1,8,0,0,1,2,1,4,0,0,276,0,0,3,1,48,51,0
622649,96,0,1,0,0,1,4,0,0,0,1,1,1,0,0,108,0,1,0,0,11,100,0
622609,155,0,1,1,0,0,28,0,0,0,1,1,7,0,0,210,0,0,1,0,35,49,0
622415,10,0,1,1,0,0,0,0,0,0,2,2,4,1,1,145,0,1,0,4,14,24,0
622288,1289,0,1,0,1,0,34,0,0,0,3,2,7,0,1,498,0,0,1,0,65,47,0
622160,2,1,1,2,0,0,4,0,0,0,1,6,5,0,1,392,0,1,2,8,38,50,0
622158,6,0,1,0,0,1,2,0,0,0,1,1,1,0,0,119,0,1,2,0,15,52,0
